{"type":"FeatureCollection","name":"sea_isle_city_road_centerlines","metadata":{"source":"NJOGIS NG911 Road Centerlines (Tran_road)","url":"https://services2.arcgis.com/XVOqAjTOJ5P6ngMu/arcgis/rest/services/Tran_road/FeatureServer/0","query_url":"https://services2.arcgis.com/XVOqAjTOJ5P6ngMu/arcgis/rest/services/Tran_road/FeatureServer/0/query","retrieved_at_utc":"2026-09-04T20:06:06.263614+00:00","source_last_edit_date":1785341586960,"out_sr":4326,"query_envelope_wgs84":[-74.7182766,39.1179482,-74.6699637,39.1834541],"spatial_relationship":"esriSpatialRelIntersects","boundary_file":"sea_isle_city_boundary.geojson","boundary_sha256":"67041c4099c35a600db7d676cd2797dced6dc2e93950535f55f92a294f2e085d","fields":["OBJECTID","PRIMENAME","ELEVTYP_F","ELEVTYP_T"],"feature_count":520,"complete_objectid_inventory_verified":true,"municipal_clipping":"Envelope selection only; clip against the actual municipal boundary in the application."},"features":[{"type":"Feature","id":494,"properties":{"OBJECTID":494,"PRIMENAME":"22nd Street","ELEVTYP_F":0,"ELEVTYP_T":0},"geometry":{"type":"LineString","coordinates":[[-74.681723857442,39.1682918035244],[-74.6813643375786,39.1681331097668]]}},{"type":"Feature","id":1313,"properties":{"OBJECTID":1313,"PRIMENAME":"Joseph A Larosa Way","ELEVTYP_F":0,"ELEVTYP_T":0},"geometry":{"type":"LineString","coordinates":[[-74.694573270066,39.1572592282007],[-74.6951315932989,39.1576186766912]]}},{"type":"Feature","id":1513,"properties":{"OBJECTID":1513,"PRIMENAME":"32nd Street","ELEVTYP_F":0,"ELEVTYP_T":0},"geometry":{"type":"LineString","coordinates":[[-74.6864402095352,39.1614453726728],[-74.686065622765,39.1612884469275],[-74.68578028125,39.1611764899828],[-74.6857331316874,39.161161482379],[-74.6857156490755,39.1611559178281],[-74.6856734500433,39.1611493945257],[-74.6856465720748,39.1611479824893],[-74.6856244279401,39.1611501041072],[-74.6856057953466,39.1611578224498],[-74.6856010701562,39.1611597793922],[-74.6855826613453,39.1611738392854],[-74.6855448164376,39.1612271679923],[-74.6852268442806,39.1617039810153],[-74.6852118863344,39.1617297057401],[-74.6852091202612,39.1617374510501]]}},{"type":"Feature","id":1841,"properties":{"OBJECTID":1841,"PRIMENAME":"Landis Avenue","ELEVTYP_F":0,"ELEVTYP_T":0},"geometry":{"type":"LineString","coordinates":[[-74.6923968757425,39.1540951876133],[-74.6918666762032,39.1547391474467]]}},{"type":"Feature","id":1929,"properties":{"OBJECTID":1929,"PRIMENAME":"Central Avenue","ELEVTYP_F":0,"ELEVTYP_T":0},"geometry":{"type":"LineString","coordinates":[[-74.7082191985117,39.1366900067185],[-74.7085160121114,39.1360990517873],[-74.7085766423339,39.1359758782138]]}},{"type":"Feature","id":3737,"properties":{"OBJECTID":3737,"PRIMENAME":"27th Street","ELEVTYP_F":0,"ELEVTYP_T":0},"geometry":{"type":"LineString","coordinates":[[-74.6841025459373,39.1648393383329],[-74.6836149730537,39.1646144329731]]}},{"type":"Feature","id":4629,"properties":{"OBJECTID":4629,"PRIMENAME":"Landis Avenue","ELEVTYP_F":0,"ELEVTYP_T":0},"geometry":{"type":"LineString","coordinates":[[-74.6826757903451,39.1669106799075],[-74.6821856100316,39.1676202379606]]}},{"type":"Feature","id":4639,"properties":{"OBJECTID":4639,"PRIMENAME":"Pleasure Avenue","ELEVTYP_F":0,"ELEVTYP_T":0},"geometry":{"type":"LineString","coordinates":[[-74.7034706660192,39.1369332938081],[-74.7034991614335,39.1368868677551],[-74.7035324813191,39.136801800611],[-74.7036160608041,39.1366741402843],[-74.7037833289266,39.1364449608223],[-74.7039840547148,39.1361667094845],[-74.7040258380288,39.1360946968124],[-74.7040382838138,39.1360456358209],[-74.7040356719234,39.1360083526873]]}},{"type":"Feature","id":5178,"properties":{"OBJECTID":5178,"PRIMENAME":"45th Street","ELEVTYP_F":0,"ELEVTYP_T":0},"geometry":{"type":"LineString","coordinates":[[-74.695445383707,39.1537874489314],[-74.6947404761836,39.1534350012113],[-74.6934648005472,39.1527969505175]]}},{"type":"Feature","id":5189,"properties":{"OBJECTID":5189,"PRIMENAME":"Landis Avenue","ELEVTYP_F":0,"ELEVTYP_T":0},"geometry":{"type":"LineString","coordinates":[[-74.6906026938999,39.1562773408762],[-74.6900662668768,39.156926053521]]}},{"type":"Feature","id":5192,"properties":{"OBJECTID":5192,"PRIMENAME":"69th Street","ELEVTYP_F":0,"ELEVTYP_T":0},"geometry":{"type":"LineString","coordinates":[[-74.7040356719234,39.1360083526873],[-74.7040881527733,39.1360759168428],[-74.7041369115328,39.1361487313012],[-74.704175192524,39.1361946009526],[-74.7042308183881,39.1362404131761],[-74.7043384802561,39.1362969523879],[-74.7046996455916,39.1364529654073],[-74.7054809445546,39.1367946200646],[-74.7055897442164,39.1368416278898]]}},{"type":"Feature","id":5265,"properties":{"OBJECTID":5265,"PRIMENAME":"35th Street","ELEVTYP_F":0,"ELEVTYP_T":0},"geometry":{"type":"LineString","coordinates":[[-74.6879321297115,39.1595186890858],[-74.6871797749463,39.1591337783061]]}},{"type":"Feature","id":5414,"properties":{"OBJECTID":5414,"PRIMENAME":"58th Street","ELEVTYP_F":0,"ELEVTYP_T":0},"geometry":{"type":"LineString","coordinates":[[-74.7044697660526,39.1459953708301],[-74.7043970371928,39.1459887709111],[-74.7043079766384,39.1459681419407],[-74.7041208607573,39.14588875971],[-74.7029000567933,39.1453572506662],[-74.7023528204106,39.1451180844328]]}},{"type":"Feature","id":5725,"properties":{"OBJECTID":5725,"PRIMENAME":"Pleasure Avenue","ELEVTYP_F":0,"ELEVTYP_T":0},"geometry":{"type":"LineString","coordinates":[[-74.6990198073752,39.1445502861154],[-74.6995048262614,39.1438772368461]]}},{"type":"Feature","id":6083,"properties":{"OBJECTID":6083,"PRIMENAME":"40th Street","ELEVTYP_F":0,"ELEVTYP_T":0},"geometry":{"type":"LineString","coordinates":[[-74.6945778411974,39.1582655714914],[-74.6955800391718,39.1587595045032],[-74.6965411935237,39.1592387251964]]}},{"type":"Feature","id":6769,"properties":{"OBJECTID":6769,"PRIMENAME":"55th Street","ELEVTYP_F":0,"ELEVTYP_T":0},"geometry":{"type":"LineString","coordinates":[[-74.6987857345995,39.1463140754743],[-74.6994149514749,39.14662802226],[-74.7007742201112,39.1473064754233]]}},{"type":"Feature","id":8425,"properties":{"OBJECTID":8425,"PRIMENAME":"50th Street","ELEVTYP_F":0,"ELEVTYP_T":0},"geometry":{"type":"LineString","coordinates":[[-74.6953603670722,39.149173272184],[-74.6961269979778,39.1495569411538]]}},{"type":"Feature","id":10221,"properties":{"OBJECTID":10221,"PRIMENAME":"94th Street","ELEVTYP_F":0,"ELEVTYP_T":0},"geometry":{"type":"LineString","coordinates":[[-74.7153771414381,39.1216609684097],[-74.715098705955,39.1215684549092]]}},{"type":"Feature","id":10918,"properties":{"OBJECTID":10918,"PRIMENAME":"Pleasure Avenue","ELEVTYP_F":0,"ELEVTYP_T":0},"geometry":{"type":"LineString","coordinates":[[-74.7094325808799,39.1271718191405],[-74.7093415390306,39.1273554009402],[-74.7090799414772,39.1278837464249]]}},{"type":"Feature","id":10929,"properties":{"OBJECTID":10929,"PRIMENAME":"71st Street","ELEVTYP_F":0,"ELEVTYP_T":0},"geometry":{"type":"LineString","coordinates":[[-74.7060230578536,39.136032259631],[-74.705179759657,39.135779598516],[-74.7043358064737,39.1355219516686],[-74.7041460758549,39.1354640292814]]}},{"type":"Feature","id":11446,"properties":{"OBJECTID":11446,"PRIMENAME":"54th Street","ELEVTYP_F":0,"ELEVTYP_T":0},"geometry":{"type":"LineString","coordinates":[[-74.6982555045278,39.1469687734892],[-74.6979826491857,39.1468314004169],[-74.6974922388279,39.1465844811427]]}},{"type":"Feature","id":11451,"properties":{"OBJECTID":11451,"PRIMENAME":"Landis Avenue","ELEVTYP_F":0,"ELEVTYP_T":0},"geometry":{"type":"LineString","coordinates":[[-74.7056495539894,39.1367493742339],[-74.7056428877702,39.1367605069039],[-74.7055897442164,39.1368416278898]]}},{"type":"Feature","id":12449,"properties":{"OBJECTID":12449,"PRIMENAME":"Landis Avenue","ELEVTYP_F":0,"ELEVTYP_T":0},"geometry":{"type":"LineString","coordinates":[[-74.7095731592646,39.1288584355862],[-74.7095684631695,39.1288676975022],[-74.7094646862408,39.1290847731116],[-74.7092234827234,39.129572966623]]}},{"type":"Feature","id":13160,"properties":{"OBJECTID":13160,"PRIMENAME":"Park Road","ELEVTYP_F":0,"ELEVTYP_T":0},"geometry":{"type":"LineString","coordinates":[[-74.6976398557676,39.1535096926294],[-74.6973732434545,39.1538360676904]]}},{"type":"Feature","id":13724,"properties":{"OBJECTID":13724,"PRIMENAME":"Park Road","ELEVTYP_F":0,"ELEVTYP_T":0},"geometry":{"type":"LineString","coordinates":[[-74.6963120612675,39.1551292761484],[-74.6958031901662,39.1557475456755],[-74.6957755986095,39.1557810627508]]}},{"type":"Feature","id":13931,"properties":{"OBJECTID":13931,"PRIMENAME":"36th Street","ELEVTYP_F":0,"ELEVTYP_T":0},"geometry":{"type":"LineString","coordinates":[[-74.6877075252722,39.1585037405207],[-74.6884599009829,39.1588762613555]]}},{"type":"Feature","id":14407,"properties":{"OBJECTID":14407,"PRIMENAME":"88th Street","ELEVTYP_F":0,"ELEVTYP_T":0},"geometry":{"type":"LineString","coordinates":[[-74.7106515584946,39.1239130721907],[-74.7101395761376,39.1237345866478]]}},{"type":"Feature","id":16973,"properties":{"OBJECTID":16973,"PRIMENAME":"Pleasure Avenue","ELEVTYP_F":0,"ELEVTYP_T":0},"geometry":{"type":"LineString","coordinates":[[-74.6948225149115,39.149819894643],[-74.6950180671902,39.1495827724565],[-74.6953603670722,39.149173272184]]}},{"type":"Feature","id":17641,"properties":{"OBJECTID":17641,"PRIMENAME":"Pleasure Avenue","ELEVTYP_F":0,"ELEVTYP_T":0},"geometry":{"type":"LineString","coordinates":[[-74.7041460758549,39.1354640292814],[-74.7042209308822,39.1353194695381],[-74.7044838651549,39.1347925889927],[-74.7045073515512,39.1347457048279]]}},{"type":"Feature","id":19506,"properties":{"OBJECTID":19506,"PRIMENAME":"74th Street","ELEVTYP_F":0,"ELEVTYP_T":0},"geometry":{"type":"LineString","coordinates":[[-74.7050506863281,39.133264034564],[-74.7070901391694,39.1338782843459]]}},{"type":"Feature","id":21788,"properties":{"OBJECTID":21788,"PRIMENAME":"Roberts Avenue","ELEVTYP_F":0,"ELEVTYP_T":0},"geometry":{"type":"LineString","coordinates":[[-74.7132344497442,39.1316068001062],[-74.7128913779582,39.1323293463128]]}},{"type":"Feature","id":23018,"properties":{"OBJECTID":23018,"PRIMENAME":"Central Avenue","ELEVTYP_F":0,"ELEVTYP_T":0},"geometry":{"type":"LineString","coordinates":[[-74.6899173037756,39.1605093007303],[-74.6904505519696,39.1598615285124]]}},{"type":"Feature","id":24904,"properties":{"OBJECTID":24904,"PRIMENAME":"Park Road","ELEVTYP_F":0,"ELEVTYP_T":0},"geometry":{"type":"LineString","coordinates":[[-74.6983080197702,39.1527019610731],[-74.6982827233414,39.1527357496085],[-74.6979037951829,39.1531870014155]]}},{"type":"Feature","id":27713,"properties":{"OBJECTID":27713,"PRIMENAME":"83rd Street","ELEVTYP_F":0,"ELEVTYP_T":0},"geometry":{"type":"LineString","coordinates":[[-74.7094325808799,39.1271718191405],[-74.7102897326668,39.127429889474]]}},{"type":"Feature","id":29600,"properties":{"OBJECTID":29600,"PRIMENAME":"60th Street","ELEVTYP_F":0,"ELEVTYP_T":0},"geometry":{"type":"LineString","coordinates":[[-74.7028386609393,39.1435737038834],[-74.7016106545872,39.1430337094799],[-74.7012615662094,39.142880933591]]}},{"type":"Feature","id":37950,"properties":{"OBJECTID":37950,"PRIMENAME":"87th Street","ELEVTYP_F":0,"ELEVTYP_T":0},"geometry":{"type":"LineString","coordinates":[[-74.7121984391144,39.1252323322608],[-74.7135623855898,39.1257228188183]]}},{"type":"Feature","id":43569,"properties":{"OBJECTID":43569,"PRIMENAME":"48th Street","ELEVTYP_F":0,"ELEVTYP_T":0},"geometry":{"type":"LineString","coordinates":[[-74.6937932303934,39.150214887303],[-74.6939421488828,39.1502898210951],[-74.6942908218316,39.150465269236]]}},{"type":"Feature","id":45856,"properties":{"OBJECTID":45856,"PRIMENAME":"51st Street","ELEVTYP_F":0,"ELEVTYP_T":0},"geometry":{"type":"LineString","coordinates":[[-74.6966581689512,39.1489095275875],[-74.6958932313381,39.1485250349494]]}},{"type":"Feature","id":47603,"properties":{"OBJECTID":47603,"PRIMENAME":"85th Street","ELEVTYP_F":0,"ELEVTYP_T":0},"geometry":{"type":"LineString","coordinates":[[-74.7086379899015,39.1255453527449],[-74.7095149121354,39.1258568820428]]}},{"type":"Feature","id":48305,"properties":{"OBJECTID":48305,"PRIMENAME":"47th Street","ELEVTYP_F":0,"ELEVTYP_T":0},"geometry":{"type":"LineString","coordinates":[[-74.6979037951829,39.1531870014155],[-74.6965126872701,39.1524906677168]]}},{"type":"Feature","id":48674,"properties":{"OBJECTID":48674,"PRIMENAME":"Central Avenue","ELEVTYP_F":0,"ELEVTYP_T":0},"geometry":{"type":"LineString","coordinates":[[-74.7028399011254,39.1444480103931],[-74.7030158283087,39.1442059667384],[-74.7033151046936,39.1437831996706]]}},{"type":"Feature","id":49333,"properties":{"OBJECTID":49333,"PRIMENAME":"Boardwalk","ELEVTYP_F":0,"ELEVTYP_T":0},"geometry":{"type":"LineString","coordinates":[[-74.6841919891341,39.1631065373273],[-74.684619003216,39.162413105352],[-74.684719328871,39.1622267788966],[-74.6850437509014,39.1616695859547],[-74.6857273255961,39.1603963535568],[-74.6858206018279,39.1602063862242],[-74.6863090208901,39.1596142510489],[-74.6868230811279,39.1589709671217],[-74.6884167957961,39.1570446682546],[-74.6893203347272,39.1556633724709],[-74.6897387101557,39.1550246096741],[-74.6900207882691,39.1546571782937],[-74.6905087760251,39.1540640419992],[-74.691028393281,39.1534236495155],[-74.6915741044653,39.1527702117293]]}},{"type":"Feature","id":49537,"properties":{"OBJECTID":49537,"PRIMENAME":"Landis Avenue","ELEVTYP_F":0,"ELEVTYP_T":0},"geometry":{"type":"LineString","coordinates":[[-74.7074420859005,39.133165650632],[-74.7073309493238,39.1333899314282],[-74.7070901391694,39.1338782843459]]}},{"type":"Feature","id":49543,"properties":{"OBJECTID":49543,"PRIMENAME":"Central Avenue","ELEVTYP_F":0,"ELEVTYP_T":0},"geometry":{"type":"LineString","coordinates":[[-74.7085766423339,39.1359758782138],[-74.7089309956802,39.1352560418239]]}},{"type":"Feature","id":50358,"properties":{"OBJECTID":50358,"PRIMENAME":"79th Street","ELEVTYP_F":0,"ELEVTYP_T":0},"geometry":{"type":"LineString","coordinates":[[-74.7132344497442,39.1316068001062],[-74.7124486658606,39.1313733605922],[-74.7110626109067,39.1309507495752]]}},{"type":"Feature","id":51101,"properties":{"OBJECTID":51101,"PRIMENAME":"43rd Street","ELEVTYP_F":0,"ELEVTYP_T":0},"geometry":{"type":"LineString","coordinates":[[-74.6957755986095,39.1557810627508],[-74.6943772352396,39.1550861439194]]}},{"type":"Feature","id":51195,"properties":{"OBJECTID":51195,"PRIMENAME":"43rd Street","ELEVTYP_F":0,"ELEVTYP_T":0},"geometry":{"type":"LineString","coordinates":[[-74.6943772352396,39.1550861439194],[-74.694120499038,39.1549585362768],[-74.6923968757425,39.1540951876133]]}},{"type":"Feature","id":51413,"properties":{"OBJECTID":51413,"PRIMENAME":"46th Street","ELEVTYP_F":0,"ELEVTYP_T":0},"geometry":{"type":"LineString","coordinates":[[-74.693997752606,39.1521513850544],[-74.6945587699864,39.1524293655156],[-74.6959783910886,39.1531398160163]]}},{"type":"Feature","id":51509,"properties":{"OBJECTID":51509,"PRIMENAME":"63rd Street","ELEVTYP_F":0,"ELEVTYP_T":0},"geometry":{"type":"LineString","coordinates":[[-74.7052323252832,39.141948492153],[-74.7047695218558,39.1417587770802]]}},{"type":"Feature","id":51791,"properties":{"OBJECTID":51791,"PRIMENAME":"45th Street","ELEVTYP_F":0,"ELEVTYP_T":0},"geometry":{"type":"LineString","coordinates":[[-74.6926915455601,39.152410171823],[-74.6923819629843,39.1522553071205],[-74.6922010844224,39.1521648233099]]}},{"type":"Feature","id":52178,"properties":{"OBJECTID":52178,"PRIMENAME":"66th Street","ELEVTYP_F":0,"ELEVTYP_T":0},"geometry":{"type":"LineString","coordinates":[[-74.7062101009016,39.1397451225628],[-74.7044051725887,39.1389626813436],[-74.7041507150391,39.13885299386]]}},{"type":"Feature","id":56029,"properties":{"OBJECTID":56029,"PRIMENAME":"33rd Street","ELEVTYP_F":0,"ELEVTYP_T":0},"geometry":{"type":"LineString","coordinates":[[-74.6860993158246,39.1604354754508],[-74.6868761781305,39.1608198754708]]}},{"type":"Feature","id":56044,"properties":{"OBJECTID":56044,"PRIMENAME":"68th Street","ELEVTYP_F":0,"ELEVTYP_T":0},"geometry":{"type":"LineString","coordinates":[[-74.7051106470586,39.13751417119],[-74.7045111835832,39.1372527837209],[-74.7040354658864,39.1370483432086],[-74.7038479737461,39.1369649523031],[-74.7037785175981,39.1369407735085],[-74.70372989511,39.13692734946],[-74.7036743768007,39.1369193461034],[-74.7035981240848,39.1369221701398],[-74.7034706660192,39.1369332938081]]}},{"type":"Feature","id":56479,"properties":{"OBJECTID":56479,"PRIMENAME":"Pleasure Avenue","ELEVTYP_F":0,"ELEVTYP_T":0},"geometry":{"type":"LineString","coordinates":[[-74.7090799414772,39.1278837464249],[-74.7087228456499,39.1286050979689]]}},{"type":"Feature","id":56660,"properties":{"OBJECTID":56660,"PRIMENAME":"Landis Avenue","ELEVTYP_F":0,"ELEVTYP_T":0},"geometry":{"type":"LineString","coordinates":[[-74.6841025459373,39.1648393383329],[-74.6836906091074,39.1654335944393],[-74.6836360389019,39.1655131425467]]}},{"type":"Feature","id":57202,"properties":{"OBJECTID":57202,"PRIMENAME":"73rd Street","ELEVTYP_F":0,"ELEVTYP_T":0},"geometry":{"type":"LineString","coordinates":[[-74.7089309956802,39.1352560418239],[-74.7073617193177,39.1347817655651],[-74.7067361911417,39.1345960273476]]}},{"type":"Feature","id":57205,"properties":{"OBJECTID":57205,"PRIMENAME":"81st Street","ELEVTYP_F":0,"ELEVTYP_T":0},"geometry":{"type":"LineString","coordinates":[[-74.7087228456499,39.1286050979689],[-74.7095731592646,39.1288584355862]]}},{"type":"Feature","id":59706,"properties":{"OBJECTID":59706,"PRIMENAME":"Landis Avenue","ELEVTYP_F":0,"ELEVTYP_T":0},"geometry":{"type":"LineString","coordinates":[[-74.6895351759506,39.1575692625324],[-74.6889972969393,39.1582227496453]]}},{"type":"Feature","id":60120,"properties":{"OBJECTID":60120,"PRIMENAME":"82nd Street","ELEVTYP_F":0,"ELEVTYP_T":0},"geometry":{"type":"LineString","coordinates":[[-74.7090799414772,39.1278837464249],[-74.708687649483,39.1277640740499],[-74.7075303996533,39.1274237137737]]}},{"type":"Feature","id":60155,"properties":{"OBJECTID":60155,"PRIMENAME":"84th Street","ELEVTYP_F":0,"ELEVTYP_T":0},"geometry":{"type":"LineString","coordinates":[[-74.7126599684266,39.1277469828205],[-74.7132702301746,39.1279704727327],[-74.7133542868294,39.1279987378521],[-74.713398087434,39.1280043681278],[-74.7134492221252,39.1279985640519],[-74.7136460954234,39.1279356820795]]}},{"type":"Feature","id":60237,"properties":{"OBJECTID":60237,"PRIMENAME":"4th Street","ELEVTYP_F":0,"ELEVTYP_T":0},"geometry":{"type":"LineString","coordinates":[[-74.6720861079966,39.1800401608658],[-74.6728661497948,39.1804264867898]]}},{"type":"Feature","id":61508,"properties":{"OBJECTID":61508,"PRIMENAME":"Landis Avenue","ELEVTYP_F":0,"ELEVTYP_T":0},"geometry":{"type":"LineString","coordinates":[[-74.6821856100316,39.1676202379606],[-74.6818672284491,39.1680811178511],[-74.6817284638113,39.1682861679019],[-74.681723857442,39.1682918035244]]}},{"type":"Feature","id":61552,"properties":{"OBJECTID":61552,"PRIMENAME":"30th Street","ELEVTYP_F":0,"ELEVTYP_T":0},"geometry":{"type":"LineString","coordinates":[[-74.6855037768322,39.16280365826],[-74.6851328746471,39.1626474515705],[-74.685053272036,39.1626139271452]]}},{"type":"Feature","id":62398,"properties":{"OBJECTID":62398,"PRIMENAME":"Central Avenue","ELEVTYP_F":0,"ELEVTYP_T":0},"geometry":{"type":"LineString","coordinates":[[-74.6883861254213,39.1623693773982],[-74.6888499736923,39.1618073649591]]}},{"type":"Feature","id":62564,"properties":{"OBJECTID":62564,"PRIMENAME":"46th Street","ELEVTYP_F":0,"ELEVTYP_T":0},"geometry":{"type":"LineString","coordinates":[[-74.6959783910886,39.1531398160163],[-74.6967922484864,39.1535470965977],[-74.6973732434545,39.1538360676904]]}},{"type":"Feature","id":62748,"properties":{"OBJECTID":62748,"PRIMENAME":"Landis Avenue","ELEVTYP_F":0,"ELEVTYP_T":0},"geometry":{"type":"LineString","coordinates":[[-74.6982555045278,39.1469687734892],[-74.6979949168828,39.1472831408565],[-74.6977230521493,39.1476137815433]]}},{"type":"Feature","id":62892,"properties":{"OBJECTID":62892,"PRIMENAME":"59th Street","ELEVTYP_F":0,"ELEVTYP_T":0},"geometry":{"type":"LineString","coordinates":[[-74.7028399011254,39.1444480103931],[-74.7035658095373,39.1447635799498],[-74.7043177594242,39.1450830801349]]}},{"type":"Feature","id":62893,"properties":{"OBJECTID":62893,"PRIMENAME":"Landis Avenue","ELEVTYP_F":0,"ELEVTYP_T":0},"geometry":{"type":"LineString","coordinates":[[-74.6945316388842,39.1515028238386],[-74.6943013941803,39.1517834685558],[-74.693997752606,39.1521513850544]]}},{"type":"Feature","id":64241,"properties":{"OBJECTID":64241,"PRIMENAME":"29th Street","ELEVTYP_F":0,"ELEVTYP_T":0},"geometry":{"type":"LineString","coordinates":[[-74.6850353309994,39.1634811792298],[-74.6851864901481,39.1635446960224],[-74.6854399641091,39.1636466273936],[-74.6856642454865,39.1637524215793],[-74.6859617022382,39.163907384398],[-74.6863712942349,39.1641190326453],[-74.6865109056893,39.164189375621],[-74.686591337041,39.1642347437471],[-74.6866571418499,39.1642573737437],[-74.6867046461221,39.1642686923602],[-74.6867484670701,39.1642743055401],[-74.6867886255975,39.1642685577858]]}},{"type":"Feature","id":64716,"properties":{"OBJECTID":64716,"PRIMENAME":"91st Street","ELEVTYP_F":0,"ELEVTYP_T":0},"geometry":{"type":"LineString","coordinates":[[-74.7118484093091,39.1222835606204],[-74.7121176575546,39.1223807658717]]}},{"type":"Feature","id":65388,"properties":{"OBJECTID":65388,"PRIMENAME":"86th Street","ELEVTYP_F":0,"ELEVTYP_T":0},"geometry":{"type":"LineString","coordinates":[[-74.7098928544497,39.1252067695712],[-74.7092911921846,39.1249948889198]]}},{"type":"Feature","id":65814,"properties":{"OBJECTID":65814,"PRIMENAME":"35th Street","ELEVTYP_F":0,"ELEVTYP_T":0},"geometry":{"type":"LineString","coordinates":[[-74.6871797749463,39.1591337783061],[-74.6869184468827,39.1590000788911]]}},{"type":"Feature","id":66427,"properties":{"OBJECTID":66427,"PRIMENAME":"Pleasure Avenue","ELEVTYP_F":0,"ELEVTYP_T":0},"geometry":{"type":"LineString","coordinates":[[-74.688250691887,39.1578553135607],[-74.6882913258882,39.1577558816517],[-74.6886851157768,39.1572665849292],[-74.6887636999081,39.1571834119196]]}},{"type":"Feature","id":66802,"properties":{"OBJECTID":66802,"PRIMENAME":"48th Street","ELEVTYP_F":0,"ELEVTYP_T":0},"geometry":{"type":"LineString","coordinates":[[-74.6942908218316,39.150465269236],[-74.6950636826844,39.1508542343701]]}},{"type":"Feature","id":67130,"properties":{"OBJECTID":67130,"PRIMENAME":"44th Street","ELEVTYP_F":0,"ELEVTYP_T":0},"geometry":{"type":"LineString","coordinates":[[-74.6949149733961,39.1544334273645],[-74.6961198058851,39.1550333333213],[-74.6963120612675,39.1551292761484]]}},{"type":"Feature","id":67462,"properties":{"OBJECTID":67462,"PRIMENAME":"Pleasure Avenue","ELEVTYP_F":0,"ELEVTYP_T":0},"geometry":{"type":"LineString","coordinates":[[-74.7004584357728,39.1425293766313],[-74.7009377745953,39.1418647331157]]}},{"type":"Feature","id":68422,"properties":{"OBJECTID":68422,"PRIMENAME":"26th Street","ELEVTYP_F":0,"ELEVTYP_T":0},"geometry":{"type":"LineString","coordinates":[[-74.6836360389019,39.1655131425467],[-74.6832144431436,39.1653379677694]]}},{"type":"Feature","id":69367,"properties":{"OBJECTID":69367,"PRIMENAME":"47th Street","ELEVTYP_F":0,"ELEVTYP_T":0},"geometry":{"type":"LineString","coordinates":[[-74.6937581476526,39.1511167110367],[-74.693420746519,39.1509477151608],[-74.6932756362734,39.1508750337059]]}},{"type":"Feature","id":69399,"properties":{"OBJECTID":69399,"PRIMENAME":"Roberts Avenue","ELEVTYP_F":0,"ELEVTYP_T":0},"geometry":{"type":"LineString","coordinates":[[-74.7027321856029,39.148285248374],[-74.7027881353213,39.1482195823961],[-74.7029167289314,39.1480565062703],[-74.7030939921621,39.1478101768126],[-74.7032447053755,39.1476020043787],[-74.7034293810984,39.1473469016841]]}},{"type":"Feature","id":69746,"properties":{"OBJECTID":69746,"PRIMENAME":"30th Street","ELEVTYP_F":0,"ELEVTYP_T":0},"geometry":{"type":"LineString","coordinates":[[-74.6864126386865,39.163186423174],[-74.6855037768322,39.16280365826]]}},{"type":"Feature","id":70440,"properties":{"OBJECTID":70440,"PRIMENAME":"56th Street","ELEVTYP_F":0,"ELEVTYP_T":0},"geometry":{"type":"LineString","coordinates":[[-74.6993339171924,39.1455644766236],[-74.6985409345325,39.1452178312949]]}},{"type":"Feature","id":70889,"properties":{"OBJECTID":70889,"PRIMENAME":"47th Street","ELEVTYP_F":0,"ELEVTYP_T":0},"geometry":{"type":"LineString","coordinates":[[-74.6945316388842,39.1515028238386],[-74.6939924133764,39.1512340873904],[-74.6937581476526,39.1511167110367]]}},{"type":"Feature","id":70953,"properties":{"OBJECTID":70953,"PRIMENAME":"86th Street","ELEVTYP_F":0,"ELEVTYP_T":0},"geometry":{"type":"LineString","coordinates":[[-74.7118177732294,39.1258839390237],[-74.7113880283488,39.1257333168425],[-74.7098928544497,39.1252067695712]]}},{"type":"Feature","id":72078,"properties":{"OBJECTID":72078,"PRIMENAME":"Pleasure Avenue","ELEVTYP_F":0,"ELEVTYP_T":0},"geometry":{"type":"LineString","coordinates":[[-74.6974922388279,39.1465844811427],[-74.698023576358,39.1459337654917]]}},{"type":"Feature","id":72576,"properties":{"OBJECTID":72576,"PRIMENAME":"Sounds Avenue","ELEVTYP_F":0,"ELEVTYP_T":0},"geometry":{"type":"LineString","coordinates":[[-74.6736932607761,39.1827548138453],[-74.6737001661544,39.1827867336969],[-74.6736925362876,39.1828258719975],[-74.6736384715597,39.1828771885455],[-74.6735896857397,39.1829119137074],[-74.6734646335821,39.1830009242046],[-74.6732561013135,39.1832060945492]]}},{"type":"Feature","id":72651,"properties":{"OBJECTID":72651,"PRIMENAME":"Landis Avenue","ELEVTYP_F":0,"ELEVTYP_T":0},"geometry":{"type":"LineString","coordinates":[[-74.7092234827234,39.129572966623],[-74.7090610549499,39.1299017905285],[-74.7088671442391,39.1302903362167]]}},{"type":"Feature","id":72791,"properties":{"OBJECTID":72791,"PRIMENAME":"Landis Avenue","ELEVTYP_F":0,"ELEVTYP_T":0},"geometry":{"type":"LineString","coordinates":[[-74.7085099937251,39.1310101221556],[-74.7081553991667,39.1317260035011]]}},{"type":"Feature","id":74388,"properties":{"OBJECTID":74388,"PRIMENAME":"93rd Street","ELEVTYP_F":0,"ELEVTYP_T":0},"geometry":{"type":"LineString","coordinates":[[-74.7148853728512,39.1221128427435],[-74.7157130944494,39.1224088749148]]}},{"type":"Feature","id":76167,"properties":{"OBJECTID":76167,"PRIMENAME":"Pleasure Avenue","ELEVTYP_F":0,"ELEVTYP_T":0},"geometry":{"type":"LineString","coordinates":[[-74.7116529472918,39.1228605026],[-74.7114692655573,39.1230513376981],[-74.7112584028746,39.1232650951239],[-74.7112061496726,39.1233201053315]]}},{"type":"Feature","id":76240,"properties":{"OBJECTID":76240,"PRIMENAME":"Sounds Avenue","ELEVTYP_F":0,"ELEVTYP_T":0},"geometry":{"type":"LineString","coordinates":[[-74.6964286015317,39.161008890168],[-74.6963231229567,39.1611396842282],[-74.6961562688279,39.1613321683034],[-74.6961354816195,39.1613778109903],[-74.6961369871367,39.1613936785452],[-74.6961398051556,39.1614234105127],[-74.6962071169997,39.1615568511559],[-74.6964988745568,39.1621230803402],[-74.6966951684611,39.1625040312363]]}},{"type":"Feature","id":76874,"properties":{"OBJECTID":76874,"PRIMENAME":"24th Street","ELEVTYP_F":0,"ELEVTYP_T":0},"geometry":{"type":"LineString","coordinates":[[-74.6826757903451,39.1669106799075],[-74.6822972008872,39.166755094341]]}},{"type":"Feature","id":76941,"properties":{"OBJECTID":76941,"PRIMENAME":"86th Street","ELEVTYP_F":0,"ELEVTYP_T":0},"geometry":{"type":"LineString","coordinates":[[-74.7133924384717,39.1264358792945],[-74.7118177732294,39.1258839390237]]}},{"type":"Feature","id":76964,"properties":{"OBJECTID":76964,"PRIMENAME":"Pleasure Avenue","ELEVTYP_F":0,"ELEVTYP_T":0},"geometry":{"type":"LineString","coordinates":[[-74.7045073515512,39.1347457048279],[-74.7048052708499,39.1341511880452],[-74.7048093335259,39.1341054081438],[-74.7048092009333,39.1340596365143],[-74.7048037997375,39.1340450388257]]}},{"type":"Feature","id":77219,"properties":{"OBJECTID":77219,"PRIMENAME":"44th Street","ELEVTYP_F":0,"ELEVTYP_T":0},"geometry":{"type":"LineString","coordinates":[[-74.6993485977252,39.156593107552],[-74.6993934483196,39.1565774625062],[-74.6994369931666,39.1565366132689],[-74.6994379889294,39.1565356314508],[-74.699637245894,39.1563391512641],[-74.6996807269492,39.1562881153425],[-74.6997417287974,39.156247209053],[-74.6997835710943,39.1562271792179],[-74.700033800503,39.156107387766],[-74.7005350073424,39.1558448548542],[-74.7006396415895,39.1558072772821],[-74.7008708260514,39.1557491081636],[-74.7028334558994,39.155216834593],[-74.7029643457785,39.1551813361175]]}},{"type":"Feature","id":77749,"properties":{"OBJECTID":77749,"PRIMENAME":"58th Street","ELEVTYP_F":0,"ELEVTYP_T":0},"geometry":{"type":"LineString","coordinates":[[-74.6995048262614,39.1438772368461],[-74.6990016425601,39.1436591771013]]}},{"type":"Feature","id":77866,"properties":{"OBJECTID":77866,"PRIMENAME":"Pleasure Avenue","ELEVTYP_F":0,"ELEVTYP_T":0},"geometry":{"type":"LineString","coordinates":[[-74.6892982799868,39.1565410565087],[-74.6897771279104,39.1559609482355],[-74.6898323142582,39.1558929557138]]}},{"type":"Feature","id":78106,"properties":{"OBJECTID":78106,"PRIMENAME":"Pleasure Avenue","ELEVTYP_F":0,"ELEVTYP_T":0},"geometry":{"type":"LineString","coordinates":[[-74.6926915455601,39.152410171823],[-74.6927258512494,39.1523685989458],[-74.6932233473803,39.1517676602023]]}},{"type":"Feature","id":78176,"properties":{"OBJECTID":78176,"PRIMENAME":"Central Avenue","ELEVTYP_F":0,"ELEVTYP_T":0},"geometry":{"type":"LineString","coordinates":[[-74.690981782387,39.1592144426365],[-74.6914954545379,39.1585860557378],[-74.6915145073242,39.1585630971523]]}},{"type":"Feature","id":79272,"properties":{"OBJECTID":79272,"PRIMENAME":"Landis Avenue","ELEVTYP_F":0,"ELEVTYP_T":0},"geometry":{"type":"LineString","coordinates":[[-74.6971920728227,39.1482594701501],[-74.6969655716661,39.1485349521134],[-74.6966581689512,39.1489095275875]]}},{"type":"Feature","id":79857,"properties":{"OBJECTID":79857,"PRIMENAME":"Pleasure Avenue","ELEVTYP_F":0,"ELEVTYP_T":0},"geometry":{"type":"LineString","coordinates":[[-74.6942908218316,39.150465269236],[-74.6943577390378,39.1503833612846],[-74.6948225149115,39.149819894643]]}},{"type":"Feature","id":80487,"properties":{"OBJECTID":80487,"PRIMENAME":"Roberts Avenue","ELEVTYP_F":0,"ELEVTYP_T":0},"geometry":{"type":"LineString","coordinates":[[-74.7128913779582,39.1323293463128],[-74.7127732469782,39.1325781651526],[-74.7126071731894,39.1329106245702],[-74.7125809570206,39.1329620456976],[-74.712559224742,39.1329921518878],[-74.7125348675393,39.1330051837651],[-74.7125172831442,39.1330106992617]]}},{"type":"Feature","id":80724,"properties":{"OBJECTID":80724,"PRIMENAME":"Pleasure Avenue","ELEVTYP_F":0,"ELEVTYP_T":0},"geometry":{"type":"LineString","coordinates":[[-74.7050506863281,39.133264034564],[-74.7052882978602,39.1327869222499],[-74.7054084849273,39.1325450825904]]}},{"type":"Feature","id":84591,"properties":{"OBJECTID":84591,"PRIMENAME":"75th Street","ELEVTYP_F":0,"ELEVTYP_T":0},"geometry":{"type":"LineString","coordinates":[[-74.7054084849273,39.1325450825904],[-74.7048404114326,39.1323715599913]]}},{"type":"Feature","id":84607,"properties":{"OBJECTID":84607,"PRIMENAME":"67th Street","ELEVTYP_F":0,"ELEVTYP_T":0},"geometry":{"type":"LineString","coordinates":[[-74.7031078212977,39.1374439822133],[-74.7031593497377,39.1375117403093],[-74.7032184323845,39.1375575740055],[-74.7032809738681,39.1375925834147],[-74.7041247907098,39.1379584112554],[-74.7045345997765,39.1381440754616],[-74.7046305155383,39.1381857800933]]}},{"type":"Feature","id":84699,"properties":{"OBJECTID":84699,"PRIMENAME":"Central Avenue","ELEVTYP_F":0,"ELEVTYP_T":0},"geometry":{"type":"LineString","coordinates":[[-74.6997027279426,39.1486006130457],[-74.699822171019,39.1484534270406],[-74.7002383973819,39.1479621261443]]}},{"type":"Feature","id":85322,"properties":{"OBJECTID":85322,"PRIMENAME":"Pleasure Avenue","ELEVTYP_F":0,"ELEVTYP_T":0},"geometry":{"type":"LineString","coordinates":[[-74.6969563013287,39.1472332526594],[-74.6971995065024,39.1469429433678],[-74.6974922388279,39.1465844811427]]}},{"type":"Feature","id":85372,"properties":{"OBJECTID":85372,"PRIMENAME":"89th Street","ELEVTYP_F":0,"ELEVTYP_T":0},"geometry":{"type":"LineString","coordinates":[[-74.7112061496726,39.1233201053315],[-74.7125239491629,39.1237890783714],[-74.7131132238426,39.1239961328965]]}},{"type":"Feature","id":86035,"properties":{"OBJECTID":86035,"PRIMENAME":"56th Street","ELEVTYP_F":0,"ELEVTYP_T":0},"geometry":{"type":"LineString","coordinates":[[-74.701392583849,39.1464661088263],[-74.7010784023994,39.146330625987],[-74.6994521529879,39.1456161700488],[-74.6993339171924,39.1455644766236]]}},{"type":"Feature","id":87237,"properties":{"OBJECTID":87237,"PRIMENAME":"73rd Street","ELEVTYP_F":0,"ELEVTYP_T":0},"geometry":{"type":"LineString","coordinates":[[-74.7093785170809,39.1353912922687],[-74.7089309956802,39.1352560418239]]}},{"type":"Feature","id":87428,"properties":{"OBJECTID":87428,"PRIMENAME":"56th Street","ELEVTYP_F":0,"ELEVTYP_T":0},"geometry":{"type":"LineString","coordinates":[[-74.7034293810984,39.1473469016841],[-74.7029273563118,39.1471278688043],[-74.701392583849,39.1464661088263]]}},{"type":"Feature","id":87957,"properties":{"OBJECTID":87957,"PRIMENAME":"2nd Street","ELEVTYP_F":0,"ELEVTYP_T":0},"geometry":{"type":"LineString","coordinates":[[-74.6710041149658,39.1813526045217],[-74.6726575949174,39.1821918772429],[-74.6736380121413,39.1826904503539],[-74.6736729003134,39.1827174991209],[-74.6736923510706,39.1827506109979],[-74.6736932607761,39.1827548138453]]}},{"type":"Feature","id":88294,"properties":{"OBJECTID":88294,"PRIMENAME":"89th Street","ELEVTYP_F":0,"ELEVTYP_T":0},"geometry":{"type":"LineString","coordinates":[[-74.7107506540853,39.1231579947509],[-74.7112061496726,39.1233201053315]]}},{"type":"Feature","id":89311,"properties":{"OBJECTID":89311,"PRIMENAME":"90th Street","ELEVTYP_F":0,"ELEVTYP_T":0},"geometry":{"type":"LineString","coordinates":[[-74.7135679394842,39.1235229443854],[-74.7122825209142,39.1230735013329],[-74.7116529472918,39.1228605026]]}},{"type":"Feature","id":89805,"properties":{"OBJECTID":89805,"PRIMENAME":"Landis Avenue","ELEVTYP_F":0,"ELEVTYP_T":0},"geometry":{"type":"LineString","coordinates":[[-74.6831391081602,39.1662374062824],[-74.6828734204734,39.1666246734319],[-74.6826757903451,39.1669106799075]]}},{"type":"Feature","id":89860,"properties":{"OBJECTID":89860,"PRIMENAME":"49th Street","ELEVTYP_F":0,"ELEVTYP_T":0},"geometry":{"type":"LineString","coordinates":[[-74.6955939916677,39.1502072938597],[-74.6948225149115,39.149819894643]]}},{"type":"Feature","id":90309,"properties":{"OBJECTID":90309,"PRIMENAME":"75th Street","ELEVTYP_F":0,"ELEVTYP_T":0},"geometry":{"type":"LineString","coordinates":[[-74.7074420859005,39.133165650632],[-74.7067043468088,39.1329408737716],[-74.7054084849273,39.1325450825904]]}},{"type":"Feature","id":90326,"properties":{"OBJECTID":90326,"PRIMENAME":"Pleasure Avenue","ELEVTYP_F":0,"ELEVTYP_T":0},"geometry":{"type":"LineString","coordinates":[[-74.6916230820956,39.1537078532996],[-74.6919513391,39.1533070623814],[-74.6921553467526,39.1530599093438]]}},{"type":"Feature","id":90410,"properties":{"OBJECTID":90410,"PRIMENAME":"33rd Street","ELEVTYP_F":0,"ELEVTYP_T":0},"geometry":{"type":"LineString","coordinates":[[-74.6888499736923,39.1618073649591],[-74.6877490769588,39.1612531816301],[-74.6868761781305,39.1608198754708]]}},{"type":"Feature","id":91182,"properties":{"OBJECTID":91182,"PRIMENAME":"47th Street","ELEVTYP_F":0,"ELEVTYP_T":0},"geometry":{"type":"LineString","coordinates":[[-74.6965126872701,39.1524906677168],[-74.6962826874727,39.1523755134532],[-74.6945316388842,39.1515028238386]]}},{"type":"Feature","id":91284,"properties":{"OBJECTID":91284,"PRIMENAME":"Central Avenue","ELEVTYP_F":0,"ELEVTYP_T":0},"geometry":{"type":"LineString","coordinates":[[-74.7023528204106,39.1451180844328],[-74.7028399011254,39.1444480103931]]}},{"type":"Feature","id":91346,"properties":{"OBJECTID":91346,"PRIMENAME":"72nd Street","ELEVTYP_F":0,"ELEVTYP_T":0},"geometry":{"type":"LineString","coordinates":[[-74.7063781239169,39.1353181419729],[-74.7066595458297,39.1354042450347],[-74.7085766423339,39.1359758782138]]}},{"type":"Feature","id":91733,"properties":{"OBJECTID":91733,"PRIMENAME":"92nd Street","ELEVTYP_F":0,"ELEVTYP_T":0},"geometry":{"type":"LineString","coordinates":[[-74.712559749934,39.121919492591],[-74.7122596311225,39.121812844251]]}},{"type":"Feature","id":91787,"properties":{"OBJECTID":91787,"PRIMENAME":"Landis Avenue","ELEVTYP_F":0,"ELEVTYP_T":0},"geometry":{"type":"LineString","coordinates":[[-74.7036671215557,39.1395285864454],[-74.7034471408552,39.1398337518434],[-74.7031822424445,39.1402015982812]]}},{"type":"Feature","id":91795,"properties":{"OBJECTID":91795,"PRIMENAME":"44th Street","ELEVTYP_F":0,"ELEVTYP_T":0},"geometry":{"type":"LineString","coordinates":[[-74.6963120612675,39.1551292761484],[-74.6979250330085,39.1559342703109],[-74.699170796397,39.1565608461757],[-74.6992110912485,39.1565803273387],[-74.6992640986668,39.156593252058],[-74.6993012442776,39.156596812621],[-74.6993485977252,39.156593107552]]}},{"type":"Feature","id":91816,"properties":{"OBJECTID":91816,"PRIMENAME":"Commonwealth Avenue","ELEVTYP_F":0,"ELEVTYP_T":0},"geometry":{"type":"LineString","coordinates":[[-74.6704269526873,39.18199561417],[-74.6703513565266,39.1820782638599],[-74.6700284165559,39.1824313292484],[-74.6697520899246,39.1827483725423],[-74.6692557505786,39.1832995091989]]}},{"type":"Feature","id":92088,"properties":{"OBJECTID":92088,"PRIMENAME":"Landis Avenue","ELEVTYP_F":0,"ELEVTYP_T":0},"geometry":{"type":"LineString","coordinates":[[-74.681723857442,39.1682918035244],[-74.6815857405407,39.1684610485618],[-74.6813388722727,39.168765718204],[-74.6810187157986,39.1691577608892],[-74.6804208207868,39.1698846124873],[-74.6799733123736,39.1704274821016],[-74.6789780281676,39.1716398954891],[-74.6780830447699,39.1727316625478],[-74.6774272168616,39.1735339032517],[-74.6770027971086,39.1740465776618],[-74.6767057290331,39.1744085076504],[-74.6762466310822,39.1749664547657],[-74.675845397129,39.1754610775314],[-74.6752937049889,39.1761275357378],[-74.674996592185,39.1764924818281],[-74.6747496586387,39.1767940338483],[-74.674332989888,39.1773037219978],[-74.6739702521273,39.1777410314268],[-74.6736538381015,39.1781240700063],[-74.6727548315988,39.1792248067144],[-74.6720861079966,39.1800401608658]]}},{"type":"Feature","id":92218,"properties":{"OBJECTID":92218,"PRIMENAME":"Kneass Avenue","ELEVTYP_F":0,"ELEVTYP_T":0},"geometry":{"type":"LineString","coordinates":[[-74.6970631653788,39.1586068396788],[-74.6965411935237,39.1592387251964]]}},{"type":"Feature","id":92797,"properties":{"OBJECTID":92797,"PRIMENAME":"50th Street","ELEVTYP_F":0,"ELEVTYP_T":0},"geometry":{"type":"LineString","coordinates":[[-74.6961269979778,39.1495569411538],[-74.6969218528044,39.1499547537211],[-74.6981084373248,39.1505447576083]]}},{"type":"Feature","id":92954,"properties":{"OBJECTID":92954,"PRIMENAME":"Roberts Avenue","ELEVTYP_F":0,"ELEVTYP_T":0},"geometry":{"type":"LineString","coordinates":[[-74.7019454891533,39.1492293743279],[-74.7021927461913,39.1489302059503]]}},{"type":"Feature","id":92980,"properties":{"OBJECTID":92980,"PRIMENAME":"Kneass Street","ELEVTYP_F":0,"ELEVTYP_T":0},"geometry":{"type":"LineString","coordinates":[[-74.6965411935237,39.1592387251964],[-74.6963352488498,39.15948797616],[-74.6960068707842,39.1598844137379]]}},{"type":"Feature","id":93194,"properties":{"OBJECTID":93194,"PRIMENAME":"78th Street","ELEVTYP_F":0,"ELEVTYP_T":0},"geometry":{"type":"LineString","coordinates":[[-74.7063101969026,39.1303442588006],[-74.7080785579662,39.1308803319801],[-74.7085099937251,39.1310101221556]]}},{"type":"Feature","id":93635,"properties":{"OBJECTID":93635,"PRIMENAME":"Landis Avenue","ELEVTYP_F":0,"ELEVTYP_T":0},"geometry":{"type":"LineString","coordinates":[[-74.6918666762032,39.1547391474467],[-74.6915560532041,39.1551164331486],[-74.6915514841938,39.1551220141584]]}},{"type":"Feature","id":93647,"properties":{"OBJECTID":93647,"PRIMENAME":"Central Avenue","ELEVTYP_F":0,"ELEVTYP_T":0},"geometry":{"type":"LineString","coordinates":[[-74.7057236340348,39.1404220195557],[-74.7059212167425,39.1401409149451],[-74.7062101009016,39.1397451225628]]}},{"type":"Feature","id":93865,"properties":{"OBJECTID":93865,"PRIMENAME":"38th Street","ELEVTYP_F":0,"ELEVTYP_T":0},"geometry":{"type":"LineString","coordinates":[[-74.6964286015317,39.161008890168],[-74.6954691284497,39.1605335097748]]}},{"type":"Feature","id":94046,"properties":{"OBJECTID":94046,"PRIMENAME":"Pleasure Avenue","ELEVTYP_F":0,"ELEVTYP_T":0},"geometry":{"type":"LineString","coordinates":[[-74.6860993158246,39.1604354754508],[-74.6866273407541,39.1597868777369]]}},{"type":"Feature","id":94582,"properties":{"OBJECTID":94582,"PRIMENAME":"East Landis Avenue","ELEVTYP_F":0,"ELEVTYP_T":0},"geometry":{"type":"LineString","coordinates":[[-74.710838956904,39.1263272625807],[-74.71048479606,39.1270382825958]]}},{"type":"Feature","id":94593,"properties":{"OBJECTID":94593,"PRIMENAME":"Sounds Avenue","ELEVTYP_F":0,"ELEVTYP_T":0},"geometry":{"type":"LineString","coordinates":[[-74.7048538630225,39.1439366302615],[-74.7047655288808,39.144165480451],[-74.7047601203709,39.1441761766416],[-74.7044779647954,39.144734250836],[-74.7043452190522,39.1449943711356],[-74.7043275618459,39.1450463788674],[-74.7043177594242,39.1450830801349]]}},{"type":"Feature","id":94701,"properties":{"OBJECTID":94701,"PRIMENAME":"Pleasure Avenue","ELEVTYP_F":0,"ELEVTYP_T":0},"geometry":{"type":"LineString","coordinates":[[-74.6953603670722,39.149173272184],[-74.6956058678146,39.1488795293487],[-74.6958932313381,39.1485250349494]]}},{"type":"Feature","id":94715,"properties":{"OBJECTID":94715,"PRIMENAME":"Landis Avenue","ELEVTYP_F":0,"ELEVTYP_T":0},"geometry":{"type":"LineString","coordinates":[[-74.7060230578536,39.136032259631],[-74.7059083349572,39.1362630250728],[-74.7057929802738,39.1364951643937],[-74.7057045009236,39.1366579804247],[-74.7056495539894,39.1367493742339]]}},{"type":"Feature","id":95352,"properties":{"OBJECTID":95352,"PRIMENAME":"Landis Avenue","ELEVTYP_F":0,"ELEVTYP_T":0},"geometry":{"type":"LineString","coordinates":[[-74.6864402095352,39.1614453726728],[-74.6863232839231,39.1616160714813],[-74.6860457811503,39.1620171217517],[-74.6859711529658,39.1621253965527]]}},{"type":"Feature","id":95895,"properties":{"OBJECTID":95895,"PRIMENAME":"52nd Street","ELEVTYP_F":0,"ELEVTYP_T":0},"geometry":{"type":"LineString","coordinates":[[-74.6964204041981,39.1478746905314],[-74.6971920728227,39.1482594701501]]}},{"type":"Feature","id":96456,"properties":{"OBJECTID":96456,"PRIMENAME":"Landis Avenue","ELEVTYP_F":0,"ELEVTYP_T":0},"geometry":{"type":"LineString","coordinates":[[-74.7051106470586,39.13751417119],[-74.7046798908833,39.138117680657],[-74.7046305155383,39.1381857800933]]}},{"type":"Feature","id":96670,"properties":{"OBJECTID":96670,"PRIMENAME":"Landis Avenue","ELEVTYP_F":0,"ELEVTYP_T":0},"geometry":{"type":"LineString","coordinates":[[-74.6955939916677,39.1502072938597],[-74.6952267582354,39.150655360087],[-74.6950636826844,39.1508542343701]]}},{"type":"Feature","id":97190,"properties":{"OBJECTID":97190,"PRIMENAME":"Pleasure Avenue","ELEVTYP_F":0,"ELEVTYP_T":0},"geometry":{"type":"LineString","coordinates":[[-74.700754307862,39.1410167150772],[-74.7008360991665,39.1408640462113],[-74.7009741269749,39.1406741575084],[-74.7012459512674,39.1402944148276],[-74.7013045037173,39.1402158395101],[-74.7013887288147,39.1401385926918]]}},{"type":"Feature","id":97410,"properties":{"OBJECTID":97410,"PRIMENAME":"Park Road","ELEVTYP_F":0,"ELEVTYP_T":0},"geometry":{"type":"LineString","coordinates":[[-74.6969781713721,39.1543196893325],[-74.6969515651781,39.1543522438311],[-74.6968418018786,39.154485681601]]}},{"type":"Feature","id":97847,"properties":{"OBJECTID":97847,"PRIMENAME":"42nd Street","ELEVTYP_F":0,"ELEVTYP_T":0},"geometry":{"type":"LineString","coordinates":[[-74.690604502747,39.1541113399653],[-74.690804485352,39.154210810559],[-74.6910936971715,39.1543546648891]]}},{"type":"Feature","id":98207,"properties":{"OBJECTID":98207,"PRIMENAME":"53rd Street","ELEVTYP_F":0,"ELEVTYP_T":0},"geometry":{"type":"LineString","coordinates":[[-74.6964793897993,39.1469965209716],[-74.6969563013287,39.1472332526594]]}},{"type":"Feature","id":98424,"properties":{"OBJECTID":98424,"PRIMENAME":"79th Street","ELEVTYP_F":0,"ELEVTYP_T":0},"geometry":{"type":"LineString","coordinates":[[-74.7066644724433,39.1296358793781],[-74.7080078896481,39.1300348132224]]}},{"type":"Feature","id":99749,"properties":{"OBJECTID":99749,"PRIMENAME":"37th Street","ELEVTYP_F":0,"ELEVTYP_T":0},"geometry":{"type":"LineString","coordinates":[[-74.6889972969393,39.1582227496453],[-74.6893736431096,39.158408164876],[-74.690981782387,39.1592144426365]]}},{"type":"Feature","id":100115,"properties":{"OBJECTID":100115,"PRIMENAME":"79th Street","ELEVTYP_F":0,"ELEVTYP_T":0},"geometry":{"type":"LineString","coordinates":[[-74.706235104817,39.1294977305475],[-74.7066644724433,39.1296358793781]]}},{"type":"Feature","id":100634,"properties":{"OBJECTID":100634,"PRIMENAME":"55th Street","ELEVTYP_F":0,"ELEVTYP_T":0},"geometry":{"type":"LineString","coordinates":[[-74.698023576358,39.1459337654917],[-74.6987857345995,39.1463140754743]]}},{"type":"Feature","id":100656,"properties":{"OBJECTID":100656,"PRIMENAME":"72nd Street","ELEVTYP_F":0,"ELEVTYP_T":0},"geometry":{"type":"LineString","coordinates":[[-74.7045073515512,39.1347457048279],[-74.7063781239169,39.1353181419729]]}},{"type":"Feature","id":102745,"properties":{"OBJECTID":102745,"PRIMENAME":"72nd Street","ELEVTYP_F":0,"ELEVTYP_T":0},"geometry":{"type":"LineString","coordinates":[[-74.7085766423339,39.1359758782138],[-74.7088116587031,39.1360459412082],[-74.7090130518243,39.1361076897861]]}},{"type":"Feature","id":102782,"properties":{"OBJECTID":102782,"PRIMENAME":"Landis Avenue","ELEVTYP_F":0,"ELEVTYP_T":0},"geometry":{"type":"LineString","coordinates":[[-74.6720861079966,39.1800401608658],[-74.6718866350556,39.1802833443057],[-74.6710041149658,39.1813526045217]]}},{"type":"Feature","id":102790,"properties":{"OBJECTID":102790,"PRIMENAME":"Central Avenue","ELEVTYP_F":0,"ELEVTYP_T":0},"geometry":{"type":"LineString","coordinates":[[-74.6893855984713,39.1611574246694],[-74.6898975123479,39.160533358375],[-74.6899173037756,39.1605093007303]]}},{"type":"Feature","id":102971,"properties":{"OBJECTID":102971,"PRIMENAME":"81st Street","ELEVTYP_F":0,"ELEVTYP_T":0},"geometry":{"type":"LineString","coordinates":[[-74.7095731592646,39.1288584355862],[-74.7100410305956,39.1289978206956],[-74.7117732435141,39.1295192949941]]}},{"type":"Feature","id":104538,"properties":{"OBJECTID":104538,"PRIMENAME":"Landis Avenue","ELEVTYP_F":0,"ELEVTYP_T":0},"geometry":{"type":"LineString","coordinates":[[-74.6911733355478,39.1555826330245],[-74.6906498679081,39.1562203441202],[-74.6906026938999,39.1562773408762]]}},{"type":"Feature","id":105047,"properties":{"OBJECTID":105047,"PRIMENAME":"Pleasure Avenue","ELEVTYP_F":0,"ELEVTYP_T":0},"geometry":{"type":"LineString","coordinates":[[-74.7087228456499,39.1286050979689],[-74.7085898179133,39.1288737363647],[-74.7083677589551,39.1293167804875]]}},{"type":"Feature","id":105815,"properties":{"OBJECTID":105815,"PRIMENAME":"Pleasure Avenue","ELEVTYP_F":0,"ELEVTYP_T":0},"geometry":{"type":"LineString","coordinates":[[-74.6958932313381,39.1485250349494],[-74.6964204041981,39.1478746905314]]}},{"type":"Feature","id":106150,"properties":{"OBJECTID":106150,"PRIMENAME":"Sounds Avenue","ELEVTYP_F":0,"ELEVTYP_T":0},"geometry":{"type":"LineString","coordinates":[[-74.6969569762212,39.1603534907078],[-74.6964286015317,39.161008890168]]}},{"type":"Feature","id":107206,"properties":{"OBJECTID":107206,"PRIMENAME":"Central Avenue","ELEVTYP_F":0,"ELEVTYP_T":0},"geometry":{"type":"LineString","coordinates":[[-74.7096428674092,39.1338210298458],[-74.7098333112227,39.1334383646411],[-74.7099974571326,39.1331050883936]]}},{"type":"Feature","id":107855,"properties":{"OBJECTID":107855,"PRIMENAME":"39th Street","ELEVTYP_F":0,"ELEVTYP_T":0},"geometry":{"type":"LineString","coordinates":[[-74.6960068707842,39.1598844137379],[-74.6940442563509,39.1589137479488]]}},{"type":"Feature","id":108785,"properties":{"OBJECTID":108785,"PRIMENAME":"Pleasure Avenue","ELEVTYP_F":0,"ELEVTYP_T":0},"geometry":{"type":"LineString","coordinates":[[-74.7099994283121,39.1260290210348],[-74.7097881248695,39.1264550254243]]}},{"type":"Feature","id":110960,"properties":{"OBJECTID":110960,"PRIMENAME":"Boardwalk","ELEVTYP_F":0,"ELEVTYP_T":0},"geometry":{"type":"LineString","coordinates":[[-74.6915741044653,39.1527702117293],[-74.6920956786243,39.1521238295605],[-74.6926302417437,39.1514731850693],[-74.6931610613174,39.1508283844193],[-74.6937049807065,39.1501777193636],[-74.6942414017499,39.1495314431919],[-74.6947740594004,39.1488837132159],[-74.6953067101722,39.1482374383149],[-74.695835600553,39.1475911681355],[-74.696366360648,39.146946352607],[-74.6969027137125,39.1462927635626],[-74.6974090576172,39.1456406839823],[-74.6979036774272,39.1449397144332],[-74.6983894234305,39.144278221904]]}},{"type":"Feature","id":110980,"properties":{"OBJECTID":110980,"PRIMENAME":"Landis Avenue","ELEVTYP_F":0,"ELEVTYP_T":0},"geometry":{"type":"LineString","coordinates":[[-74.692930402264,39.1534460841044],[-74.6924351895478,39.1540486653036],[-74.6923968757425,39.1540951876133]]}},{"type":"Feature","id":111333,"properties":{"OBJECTID":111333,"PRIMENAME":"23rd Street","ELEVTYP_F":0,"ELEVTYP_T":0},"geometry":{"type":"LineString","coordinates":[[-74.6821856100316,39.1676202379606],[-74.6818811887345,39.1674756550407]]}},{"type":"Feature","id":111663,"properties":{"OBJECTID":111663,"PRIMENAME":"Pleasure Avenue","ELEVTYP_F":0,"ELEVTYP_T":0},"geometry":{"type":"LineString","coordinates":[[-74.7134085261165,39.1210544760736],[-74.7130207887714,39.1214539553142]]}},{"type":"Feature","id":111754,"properties":{"OBJECTID":111754,"PRIMENAME":"Landis Avenue","ELEVTYP_F":0,"ELEVTYP_T":0},"geometry":{"type":"LineString","coordinates":[[-74.7007799850024,39.1435516502612],[-74.700299237758,39.144221457192]]}},{"type":"Feature","id":111840,"properties":{"OBJECTID":111840,"PRIMENAME":"Landis Avenue","ELEVTYP_F":0,"ELEVTYP_T":0},"geometry":{"type":"LineString","coordinates":[[-74.7055897442164,39.1368416278898],[-74.7054927237283,39.1369896867904],[-74.7052846656708,39.1372671842775],[-74.7051190398401,39.1375024319485],[-74.7051106470586,39.13751417119]]}},{"type":"Feature","id":111892,"properties":{"OBJECTID":111892,"PRIMENAME":"Central Avenue","ELEVTYP_F":0,"ELEVTYP_T":0},"geometry":{"type":"LineString","coordinates":[[-74.707655244591,39.1377404751403],[-74.7077211031869,39.1376556506241],[-74.7078010581675,39.1375446341526],[-74.7078705358583,39.1374074956467]]}},{"type":"Feature","id":113046,"properties":{"OBJECTID":113046,"PRIMENAME":"Central Avenue","ELEVTYP_F":0,"ELEVTYP_T":0},"geometry":{"type":"LineString","coordinates":[[-74.7066949389257,39.1390808570747],[-74.7068666639018,39.138845596405],[-74.7071750624707,39.1384111621961]]}},{"type":"Feature","id":113223,"properties":{"OBJECTID":113223,"PRIMENAME":"40th Street","ELEVTYP_F":0,"ELEVTYP_T":0},"geometry":{"type":"LineString","coordinates":[[-74.6925862298394,39.157269146287],[-74.6943481828846,39.1581523894107],[-74.6945778411974,39.1582655714914]]}},{"type":"Feature","id":113251,"properties":{"OBJECTID":113251,"PRIMENAME":"33rd Street","ELEVTYP_F":0,"ELEVTYP_T":0},"geometry":{"type":"LineString","coordinates":[[-74.6858387971433,39.1603065657228],[-74.6860993158246,39.1604354754508]]}},{"type":"Feature","id":114121,"properties":{"OBJECTID":114121,"PRIMENAME":"Pleasure Avenue","ELEVTYP_F":0,"ELEVTYP_T":0},"geometry":{"type":"LineString","coordinates":[[-74.6995048262614,39.1438772368461],[-74.6995562822746,39.1438058137716],[-74.6999798867903,39.1432020063221]]}},{"type":"Feature","id":115559,"properties":{"OBJECTID":115559,"PRIMENAME":"Central Avenue","ELEVTYP_F":0,"ELEVTYP_T":0},"geometry":{"type":"LineString","coordinates":[[-74.6949149733961,39.1544334273645],[-74.6950331760392,39.1542899284059],[-74.695445383707,39.1537874489314]]}},{"type":"Feature","id":117799,"properties":{"OBJECTID":117799,"PRIMENAME":"Landis Avenue","ELEVTYP_F":0,"ELEVTYP_T":0},"geometry":{"type":"LineString","coordinates":[[-74.7118177732294,39.1258839390237],[-74.7116526320196,39.1261710913765],[-74.7114448729078,39.1265299019138],[-74.7114399288134,39.1265384779147]]}},{"type":"Feature","id":117969,"properties":{"OBJECTID":117969,"PRIMENAME":"Kneass Avenue","ELEVTYP_F":0,"ELEVTYP_T":0},"geometry":{"type":"LineString","coordinates":[[-74.6972869249278,39.1583359758173],[-74.6971753970124,39.1584709545358]]}},{"type":"Feature","id":119304,"properties":{"OBJECTID":119304,"PRIMENAME":"Ocean Drive","ELEVTYP_F":0,"ELEVTYP_T":0},"geometry":{"type":"LineString","coordinates":[[-74.716278669597,39.1176317209227],[-74.7162788792898,39.1177014442115],[-74.7162676316924,39.1178038552319],[-74.7162447160409,39.1179063437464],[-74.7161987730263,39.1180509940148],[-74.716057073433,39.1185000824716],[-74.7160544379683,39.1185084237837]]}},{"type":"Feature","id":120306,"properties":{"OBJECTID":120306,"PRIMENAME":"36th Street","ELEVTYP_F":0,"ELEVTYP_T":0},"geometry":{"type":"LineString","coordinates":[[-74.6904505519696,39.1598615285124],[-74.690888720638,39.1600801706121],[-74.6919823356271,39.1606256594975],[-74.692363630037,39.1608074597746],[-74.6924599854277,39.1608463998283]]}},{"type":"Feature","id":120477,"properties":{"OBJECTID":120477,"PRIMENAME":"Roberts Avenue","ELEVTYP_F":0,"ELEVTYP_T":0},"geometry":{"type":"LineString","coordinates":[[-74.7021927461913,39.1489302059503],[-74.7025220204022,39.1485319091967],[-74.7027321856029,39.148285248374]]}},{"type":"Feature","id":121130,"properties":{"OBJECTID":121130,"PRIMENAME":"70th Street","ELEVTYP_F":0,"ELEVTYP_T":0},"geometry":{"type":"LineString","coordinates":[[-74.7078705358583,39.1374074956467],[-74.7066157299605,39.1370356975568],[-74.7058312464789,39.1368021023789],[-74.7056495539894,39.1367493742339]]}},{"type":"Feature","id":123121,"properties":{"OBJECTID":123121,"PRIMENAME":"Landis Avenue","ELEVTYP_F":0,"ELEVTYP_T":0},"geometry":{"type":"LineString","coordinates":[[-74.684569974489,39.1641566880842],[-74.6841609124353,39.1647551428767],[-74.6841025459373,39.1648393383329]]}},{"type":"Feature","id":124604,"properties":{"OBJECTID":124604,"PRIMENAME":"38th Street","ELEVTYP_F":0,"ELEVTYP_T":0},"geometry":{"type":"LineString","coordinates":[[-74.6954691284497,39.1605335097748],[-74.6954594148652,39.1605286381111],[-74.6946674619969,39.1601358093995],[-74.6936366477428,39.1596162981378],[-74.6935164317205,39.1595571063543]]}},{"type":"Feature","id":125130,"properties":{"OBJECTID":125130,"PRIMENAME":"84th Street","ELEVTYP_F":0,"ELEVTYP_T":0},"geometry":{"type":"LineString","coordinates":[[-74.7110404296298,39.127168507607],[-74.7113262448278,39.1272831474652],[-74.7126599684266,39.1277469828205]]}},{"type":"Feature","id":125338,"properties":{"OBJECTID":125338,"PRIMENAME":"Pleasure Avenue","ELEVTYP_F":0,"ELEVTYP_T":0},"geometry":{"type":"LineString","coordinates":[[-74.6887636999081,39.1571834119196],[-74.6892224199384,39.1566329428952],[-74.6892982799868,39.1565410565087]]}},{"type":"Feature","id":125633,"properties":{"OBJECTID":125633,"PRIMENAME":"36th Street","ELEVTYP_F":0,"ELEVTYP_T":0},"geometry":{"type":"LineString","coordinates":[[-74.6884599009829,39.1588762613555],[-74.6893592915418,39.1593170915333],[-74.6904505519696,39.1598615285124]]}},{"type":"Feature","id":126422,"properties":{"OBJECTID":126422,"PRIMENAME":"82nd Street","ELEVTYP_F":0,"ELEVTYP_T":0},"geometry":{"type":"LineString","coordinates":[[-74.7121295144235,39.1288020814301],[-74.711618344163,39.1286491093994],[-74.7099870394249,39.1281604281773]]}},{"type":"Feature","id":127610,"properties":{"OBJECTID":127610,"PRIMENAME":"51st Street","ELEVTYP_F":0,"ELEVTYP_T":0},"geometry":{"type":"LineString","coordinates":[[-74.6958932313381,39.1485250349494],[-74.6954027468806,39.1482784638168]]}},{"type":"Feature","id":130000,"properties":{"OBJECTID":130000,"PRIMENAME":"76th Street","ELEVTYP_F":0,"ELEVTYP_T":0},"geometry":{"type":"LineString","coordinates":[[-74.7099974571326,39.1331050883936],[-74.7115475579122,39.1335750265634],[-74.7117419566397,39.1336340923309]]}},{"type":"Feature","id":130139,"properties":{"OBJECTID":130139,"PRIMENAME":"Landis Avenue","ELEVTYP_F":0,"ELEVTYP_T":0},"geometry":{"type":"LineString","coordinates":[[-74.687396478299,39.1601724947312],[-74.6872639440125,39.1603344057991],[-74.6869862772856,39.1606691757709],[-74.6868761781305,39.1608198754708]]}},{"type":"Feature","id":130409,"properties":{"OBJECTID":130409,"PRIMENAME":"Central Avenue","ELEVTYP_F":0,"ELEVTYP_T":0},"geometry":{"type":"LineString","coordinates":[[-74.6975722403081,39.1511979253798],[-74.6978015437264,39.150917401]]}},{"type":"Feature","id":130471,"properties":{"OBJECTID":130471,"PRIMENAME":"81st Street","ELEVTYP_F":0,"ELEVTYP_T":0},"geometry":{"type":"LineString","coordinates":[[-74.7117732435141,39.1295192949941],[-74.7124833272693,39.1297330522953],[-74.7129923470407,39.129883838076],[-74.7131037798774,39.1299168476312]]}},{"type":"Feature","id":130567,"properties":{"OBJECTID":130567,"PRIMENAME":"Pleasure Avenue","ELEVTYP_F":0,"ELEVTYP_T":0},"geometry":{"type":"LineString","coordinates":[[-74.7022114689311,39.1388853427128],[-74.7022117460721,39.1388835567614],[-74.702215770616,39.138811638195],[-74.7022197977594,39.1387527620264],[-74.7022364220258,39.1386971313581],[-74.7022614279921,39.1386382178846],[-74.7023576333082,39.1385105645125],[-74.7024580079636,39.1383730747192],[-74.7024997368118,39.1382814576682],[-74.7025008925552,39.1382786828657]]}},{"type":"Feature","id":130862,"properties":{"OBJECTID":130862,"PRIMENAME":"Kneass Avenue","ELEVTYP_F":0,"ELEVTYP_T":0},"geometry":{"type":"LineString","coordinates":[[-74.6971753970124,39.1584709545358],[-74.6970631653788,39.1586068396788]]}},{"type":"Feature","id":131465,"properties":{"OBJECTID":131465,"PRIMENAME":"Freda Way","ELEVTYP_F":0,"ELEVTYP_T":0},"geometry":{"type":"LineString","coordinates":[[-74.7028386609393,39.1435737038834],[-74.7032647653735,39.1429785291331],[-74.7032688859153,39.1429523551829],[-74.703264596073,39.1429196602895],[-74.7032579242752,39.1429062556811]]}},{"type":"Feature","id":131646,"properties":{"OBJECTID":131646,"PRIMENAME":"82nd Street","ELEVTYP_F":0,"ELEVTYP_T":0},"geometry":{"type":"LineString","coordinates":[[-74.7099870394249,39.1281604281773],[-74.7090799414772,39.1278837464249]]}},{"type":"Feature","id":131892,"properties":{"OBJECTID":131892,"PRIMENAME":"Landis Avenue","ELEVTYP_F":0,"ELEVTYP_T":0},"geometry":{"type":"LineString","coordinates":[[-74.6915514841938,39.1551220141584],[-74.691289683952,39.1554409254893]]}},{"type":"Feature","id":132517,"properties":{"OBJECTID":132517,"PRIMENAME":"49th Street","ELEVTYP_F":0,"ELEVTYP_T":0},"geometry":{"type":"LineString","coordinates":[[-74.6975722403081,39.1511979253798],[-74.6957312530622,39.1502762291095],[-74.6955939916677,39.1502072938597]]}},{"type":"Feature","id":132882,"properties":{"OBJECTID":132882,"PRIMENAME":"92nd Street","ELEVTYP_F":0,"ELEVTYP_T":0},"geometry":{"type":"LineString","coordinates":[[-74.7154044125385,39.1228955859412],[-74.7144714393965,39.1225796195156]]}},{"type":"Feature","id":135702,"properties":{"OBJECTID":135702,"PRIMENAME":"Park Road","ELEVTYP_F":0,"ELEVTYP_T":0},"geometry":{"type":"LineString","coordinates":[[-74.6973732434545,39.1538360676904],[-74.6969781713721,39.1543196893325]]}},{"type":"Feature","id":136828,"properties":{"OBJECTID":136828,"PRIMENAME":"66th Street","ELEVTYP_F":0,"ELEVTYP_T":0},"geometry":{"type":"LineString","coordinates":[[-74.7041507150391,39.13885299386],[-74.7030196083678,39.1383655073179],[-74.7028806909362,39.1383036126562],[-74.7028380490389,39.1382860862009],[-74.7028043167594,39.1382767274856],[-74.7027557707346,39.1382660207447],[-74.702700224495,39.1382607077932],[-74.7026447015644,39.1382635230809],[-74.7025008925552,39.1382786828657]]}},{"type":"Feature","id":137054,"properties":{"OBJECTID":137054,"PRIMENAME":"Central Avenue","ELEVTYP_F":0,"ELEVTYP_T":0},"geometry":{"type":"LineString","coordinates":[[-74.6935370346401,39.156109461842],[-74.6938486311998,39.1557291487929]]}},{"type":"Feature","id":141122,"properties":{"OBJECTID":141122,"PRIMENAME":"Central Avenue","ELEVTYP_F":0,"ELEVTYP_T":0},"geometry":{"type":"LineString","coordinates":[[-74.7124818047764,39.1280885530002],[-74.7126599684266,39.1277469828205]]}},{"type":"Feature","id":147753,"properties":{"OBJECTID":147753,"PRIMENAME":"Joseph A Larosa Way","ELEVTYP_F":0,"ELEVTYP_T":0},"geometry":{"type":"LineString","coordinates":[[-74.6981461296563,39.1589551157378],[-74.6981664624321,39.1589115336683],[-74.6981705239401,39.1588756949575],[-74.6981782253169,39.1587799370012]]}},{"type":"Feature","id":148983,"properties":{"OBJECTID":148983,"PRIMENAME":"57th Street","ELEVTYP_F":0,"ELEVTYP_T":0},"geometry":{"type":"LineString","coordinates":[[-74.6990198073752,39.1445502861154],[-74.6998163376687,39.1448940944055]]}},{"type":"Feature","id":149358,"properties":{"OBJECTID":149358,"PRIMENAME":"Pleasure Avenue","ELEVTYP_F":0,"ELEVTYP_T":0},"geometry":{"type":"LineString","coordinates":[[-74.7059527353166,39.1310627744889],[-74.7063101969026,39.1303442588006]]}},{"type":"Feature","id":150641,"properties":{"OBJECTID":150641,"PRIMENAME":"62nd Street","ELEVTYP_F":0,"ELEVTYP_T":0},"geometry":{"type":"LineString","coordinates":[[-74.7022257102599,39.1415343305434],[-74.7011718174805,39.1410804658166],[-74.7010919420131,39.1410508668391],[-74.7010433519804,39.1410374686508],[-74.700987823091,39.1410267741252],[-74.7009219088079,39.1410214782087],[-74.7008421451404,39.1410189518882],[-74.700754307862,39.1410167150772]]}},{"type":"Feature","id":151836,"properties":{"OBJECTID":151836,"PRIMENAME":"92nd Street","ELEVTYP_F":0,"ELEVTYP_T":0},"geometry":{"type":"LineString","coordinates":[[-74.7144714393965,39.1225796195156],[-74.7133183258075,39.1221890604815],[-74.712559749934,39.121919492591]]}},{"type":"Feature","id":153920,"properties":{"OBJECTID":153920,"PRIMENAME":"38th Street","ELEVTYP_F":0,"ELEVTYP_T":0},"geometry":{"type":"LineString","coordinates":[[-74.6935164317205,39.1595571063543],[-74.6923042168157,39.1589604265002],[-74.6915145073242,39.1585630971523]]}},{"type":"Feature","id":159430,"properties":{"OBJECTID":159430,"PRIMENAME":"42nd Place","ELEVTYP_F":0,"ELEVTYP_T":0},"geometry":{"type":"LineString","coordinates":[[-74.6972869249278,39.1583359758173],[-74.6966999671079,39.1580467407586],[-74.6954358048756,39.157412838465],[-74.6946786941831,39.1571217641082]]}},{"type":"Feature","id":159647,"properties":{"OBJECTID":159647,"PRIMENAME":"69th Street","ELEVTYP_F":0,"ELEVTYP_T":0},"geometry":{"type":"LineString","coordinates":[[-74.7055897442164,39.1368416278898],[-74.7065887476332,39.1372734472455],[-74.707655244591,39.1377404751403]]}},{"type":"Feature","id":159679,"properties":{"OBJECTID":159679,"PRIMENAME":"44th Street","ELEVTYP_F":0,"ELEVTYP_T":0},"geometry":{"type":"LineString","coordinates":[[-74.6915741044653,39.1527702117293],[-74.6918454790319,39.1529054698028],[-74.6921553467526,39.1530599093438]]}},{"type":"Feature","id":159883,"properties":{"OBJECTID":159883,"PRIMENAME":"25th Street","ELEVTYP_F":0,"ELEVTYP_T":0},"geometry":{"type":"LineString","coordinates":[[-74.6831391081602,39.1662374062824],[-74.6827636317979,39.1660706135857]]}},{"type":"Feature","id":160022,"properties":{"OBJECTID":160022,"PRIMENAME":"31st Street","ELEVTYP_F":0,"ELEVTYP_T":0},"geometry":{"type":"LineString","coordinates":[[-74.6855328228331,39.1619425752938],[-74.6855363536644,39.161944048851],[-74.6859711529658,39.1621253965527]]}},{"type":"Feature","id":160213,"properties":{"OBJECTID":160213,"PRIMENAME":"43rd Place","ELEVTYP_F":0,"ELEVTYP_T":0},"geometry":{"type":"LineString","coordinates":[[-74.6956504004502,39.1559332510643],[-74.6974343127301,39.1568356870396],[-74.6991740062309,39.1576993178798]]}},{"type":"Feature","id":160652,"properties":{"OBJECTID":160652,"PRIMENAME":"Central Avenue","ELEVTYP_F":0,"ELEVTYP_T":0},"geometry":{"type":"LineString","coordinates":[[-74.6925862298394,39.157269146287],[-74.6930349468849,39.1567220903003],[-74.6930496157367,39.1567042068456],[-74.6931597044225,39.1565699487817]]}},{"type":"Feature","id":160999,"properties":{"OBJECTID":160999,"PRIMENAME":"Central Avenue","ELEVTYP_F":0,"ELEVTYP_T":0},"geometry":{"type":"LineString","coordinates":[[-74.6970430367175,39.1518453404396],[-74.6975722403081,39.1511979253798]]}},{"type":"Feature","id":162232,"properties":{"OBJECTID":162232,"PRIMENAME":"Pleasure Avenue","ELEVTYP_F":0,"ELEVTYP_T":0},"geometry":{"type":"LineString","coordinates":[[-74.7083677589551,39.1293167804875],[-74.7080078896481,39.1300348132224]]}},{"type":"Feature","id":162397,"properties":{"OBJECTID":162397,"PRIMENAME":"Central Avenue","ELEVTYP_F":0,"ELEVTYP_T":0},"geometry":{"type":"LineString","coordinates":[[-74.6938486311998,39.1557291487929],[-74.6940504905835,39.1554828474079],[-74.6943772352396,39.1550861439194]]}},{"type":"Feature","id":162486,"properties":{"OBJECTID":162486,"PRIMENAME":"Central Avenue","ELEVTYP_F":0,"ELEVTYP_T":0},"geometry":{"type":"LineString","coordinates":[[-74.6904505519696,39.1598615285124],[-74.6907856687779,39.159454359322],[-74.690981782387,39.1592144426365]]}},{"type":"Feature","id":163065,"properties":{"OBJECTID":163065,"PRIMENAME":"Landis Avenue","ELEVTYP_F":0,"ELEVTYP_T":0},"geometry":{"type":"LineString","coordinates":[[-74.7041507150391,39.13885299386],[-74.7038362496382,39.1392938843002],[-74.7036671215557,39.1395285864454]]}},{"type":"Feature","id":164049,"properties":{"OBJECTID":164049,"PRIMENAME":"58th Street","ELEVTYP_F":0,"ELEVTYP_T":0},"geometry":{"type":"LineString","coordinates":[[-74.700299237758,39.144221457192],[-74.6995048262614,39.1438772368461]]}},{"type":"Feature","id":164447,"properties":{"OBJECTID":164447,"PRIMENAME":"49th Street","ELEVTYP_F":0,"ELEVTYP_T":0},"geometry":{"type":"LineString","coordinates":[[-74.6948225149115,39.149819894643],[-74.6944469284914,39.1496312875439],[-74.6943282826679,39.1495717065009]]}},{"type":"Feature","id":164536,"properties":{"OBJECTID":164536,"PRIMENAME":"Pleasure Avenue","ELEVTYP_F":0,"ELEVTYP_T":0},"geometry":{"type":"LineString","coordinates":[[-74.7097881248695,39.1264550254243],[-74.7094325808799,39.1271718191405]]}},{"type":"Feature","id":164774,"properties":{"OBJECTID":164774,"PRIMENAME":"Park Road","ELEVTYP_F":0,"ELEVTYP_T":0},"geometry":{"type":"LineString","coordinates":[[-74.6952422559446,39.1564295192937],[-74.6949884101428,39.1567381568482]]}},{"type":"Feature","id":165567,"properties":{"OBJECTID":165567,"PRIMENAME":"Park Road","ELEVTYP_F":0,"ELEVTYP_T":0},"geometry":{"type":"LineString","coordinates":[[-74.6946786941831,39.1571217641082],[-74.694573270066,39.1572592282007]]}},{"type":"Feature","id":165992,"properties":{"OBJECTID":165992,"PRIMENAME":"Landis Avenue","ELEVTYP_F":0,"ELEVTYP_T":0},"geometry":{"type":"LineString","coordinates":[[-74.6710041149658,39.1813526045217],[-74.6710029885519,39.1813539520247],[-74.6708272633498,39.1815476410179],[-74.6708268327696,39.1815481172908]]}},{"type":"Feature","id":166065,"properties":{"OBJECTID":166065,"PRIMENAME":"Landis Avenue","ELEVTYP_F":0,"ELEVTYP_T":0},"geometry":{"type":"LineString","coordinates":[[-74.707799464081,39.1324443300655],[-74.7074420859005,39.133165650632]]}},{"type":"Feature","id":166688,"properties":{"OBJECTID":166688,"PRIMENAME":"Park Road","ELEVTYP_F":0,"ELEVTYP_T":0},"geometry":{"type":"LineString","coordinates":[[-74.6979037951829,39.1531870014155],[-74.6978911773892,39.1532020155326],[-74.6976398557676,39.1535096926294]]}},{"type":"Feature","id":166931,"properties":{"OBJECTID":166931,"PRIMENAME":"76th Street","ELEVTYP_F":0,"ELEVTYP_T":0},"geometry":{"type":"LineString","coordinates":[[-74.7056731051466,39.1318409001673],[-74.7057440008519,39.1318405831727],[-74.705816841424,39.1318539636362],[-74.7059973528179,39.1319049631423],[-74.707621764073,39.132390939312],[-74.707799464081,39.1324443300655]]}},{"type":"Feature","id":166982,"properties":{"OBJECTID":166982,"PRIMENAME":"Landis Avenue","ELEVTYP_F":0,"ELEVTYP_T":0},"geometry":{"type":"LineString","coordinates":[[-74.6900662668768,39.156926053521],[-74.6896896380521,39.1573815851301],[-74.6895351759506,39.1575692625324]]}},{"type":"Feature","id":168735,"properties":{"OBJECTID":168735,"PRIMENAME":"Landis Avenue","ELEVTYP_F":0,"ELEVTYP_T":0},"geometry":{"type":"LineString","coordinates":[[-74.6859711529658,39.1621253965527],[-74.6855037768322,39.16280365826]]}},{"type":"Feature","id":169009,"properties":{"OBJECTID":169009,"PRIMENAME":"46th Street","ELEVTYP_F":0,"ELEVTYP_T":0},"geometry":{"type":"LineString","coordinates":[[-74.6927405924408,39.1515284241703],[-74.6928987627284,39.1516068086112],[-74.6932233473803,39.1517676602023]]}},{"type":"Feature","id":169491,"properties":{"OBJECTID":169491,"PRIMENAME":"East Landis Avenue","ELEVTYP_F":0,"ELEVTYP_T":0},"geometry":{"type":"LineString","coordinates":[[-74.71048479606,39.1270382825958],[-74.7102897326668,39.127429889474]]}},{"type":"Feature","id":169928,"properties":{"OBJECTID":169928,"PRIMENAME":"Pleasure Avenue","ELEVTYP_F":0,"ELEVTYP_T":0},"geometry":{"type":"LineString","coordinates":[[-74.7017274307396,39.1396958274369],[-74.7017312532319,39.1396887095685],[-74.7017478407962,39.1396200087142],[-74.7017812107793,39.1395513067308],[-74.7018397780651,39.1394661963962],[-74.7021491953166,39.1390307837107],[-74.7021826659116,39.1389849538317],[-74.7022035034322,39.138935878502],[-74.7022114689311,39.1388853427128]]}},{"type":"Feature","id":170081,"properties":{"OBJECTID":170081,"PRIMENAME":"Pleasure Avenue","ELEVTYP_F":0,"ELEVTYP_T":0},"geometry":{"type":"LineString","coordinates":[[-74.7063101969026,39.1303442588006],[-74.7064265573357,39.1301103873313],[-74.7066644724433,39.1296358793781]]}},{"type":"Feature","id":170727,"properties":{"OBJECTID":170727,"PRIMENAME":"Park Road","ELEVTYP_F":0,"ELEVTYP_T":0},"geometry":{"type":"LineString","coordinates":[[-74.6957755986095,39.1557810627508],[-74.6956504004502,39.1559332510643]]}},{"type":"Feature","id":170802,"properties":{"OBJECTID":170802,"PRIMENAME":"Cini Avenue","ELEVTYP_F":0,"ELEVTYP_T":0},"geometry":{"type":"LineString","coordinates":[[-74.6940442563509,39.1589137479488],[-74.6942491473715,39.1586640081987],[-74.6945778411974,39.1582655714914]]}},{"type":"Feature","id":172071,"properties":{"OBJECTID":172071,"PRIMENAME":"Landis Avenue","ELEVTYP_F":0,"ELEVTYP_T":0},"geometry":{"type":"LineString","coordinates":[[-74.7135679394842,39.1235229443854],[-74.7133314405801,39.1237673397982],[-74.7131132238426,39.1239961328965]]}},{"type":"Feature","id":172317,"properties":{"OBJECTID":172317,"PRIMENAME":"Central Avenue","ELEVTYP_F":0,"ELEVTYP_T":0},"geometry":{"type":"LineString","coordinates":[[-74.6878464317224,39.1630212968751],[-74.6883577189526,39.1624037732208],[-74.6883861254213,39.1623693773982]]}},{"type":"Feature","id":172777,"properties":{"OBJECTID":172777,"PRIMENAME":"Landis Avenue","ELEVTYP_F":0,"ELEVTYP_T":0},"geometry":{"type":"LineString","coordinates":[[-74.691289683952,39.1554409254893],[-74.6912309476148,39.1555124666346],[-74.6911733355478,39.1555826330245]]}},{"type":"Feature","id":173924,"properties":{"OBJECTID":173924,"PRIMENAME":"Sea Isle Boulevard","ELEVTYP_F":0,"ELEVTYP_T":0},"geometry":{"type":"LineString","coordinates":[[-74.7127326626837,39.16365241821],[-74.7125746260758,39.163565909859],[-74.7102471199842,39.1622917911264],[-74.7096766455472,39.1619761226014],[-74.7089962133488,39.161603618175],[-74.7084094472944,39.1612848151729],[-74.7082481469048,39.1611964429099]]}},{"type":"Feature","id":174107,"properties":{"OBJECTID":174107,"PRIMENAME":"48th Street","ELEVTYP_F":0,"ELEVTYP_T":0},"geometry":{"type":"LineString","coordinates":[[-74.6950636826844,39.1508542343701],[-74.6957250663996,39.1511870114813],[-74.6970430367175,39.1518453404396]]}},{"type":"Feature","id":174556,"properties":{"OBJECTID":174556,"PRIMENAME":"Pleasure Avenue","ELEVTYP_F":0,"ELEVTYP_T":0},"geometry":{"type":"LineString","coordinates":[[-74.7013887288147,39.1401385926918],[-74.7014259355168,39.1401044810501],[-74.7014719752509,39.1400520670218],[-74.7015639815411,39.1399342236605],[-74.7016978297071,39.1397508489894],[-74.7017274307396,39.1396958274369]]}},{"type":"Feature","id":174656,"properties":{"OBJECTID":174656,"PRIMENAME":"65th Street","ELEVTYP_F":0,"ELEVTYP_T":0},"geometry":{"type":"LineString","coordinates":[[-74.7036671215557,39.1395285864454],[-74.7043139708984,39.1398082650697],[-74.7057236340348,39.1404220195557]]}},{"type":"Feature","id":175022,"properties":{"OBJECTID":175022,"PRIMENAME":"Central Avenue","ELEVTYP_F":0,"ELEVTYP_T":0},"geometry":{"type":"LineString","coordinates":[[-74.692049323796,39.1579190209058],[-74.6923653784709,39.1575383487487],[-74.6925862298394,39.157269146287]]}},{"type":"Feature","id":175689,"properties":{"OBJECTID":175689,"PRIMENAME":"East Landis Avenue","ELEVTYP_F":0,"ELEVTYP_T":0},"geometry":{"type":"LineString","coordinates":[[-74.7102897326668,39.127429889474],[-74.71027823912,39.1274530015563],[-74.7101121188747,39.1277580829327],[-74.7099870394249,39.1281604281773]]}},{"type":"Feature","id":176647,"properties":{"OBJECTID":176647,"PRIMENAME":"Park Road","ELEVTYP_F":0,"ELEVTYP_T":0},"geometry":{"type":"LineString","coordinates":[[-74.6949884101428,39.1567381568482],[-74.6947591308681,39.1570169061481],[-74.6946786941831,39.1571217641082]]}},{"type":"Feature","id":176969,"properties":{"OBJECTID":176969,"PRIMENAME":"Pleasure Avenue","ELEVTYP_F":0,"ELEVTYP_T":0},"geometry":{"type":"LineString","coordinates":[[-74.7040356719234,39.1360083526873],[-74.7040339079413,39.1359835060128],[-74.7040210417749,39.1358985195543],[-74.7040082545513,39.1358168282399],[-74.7040164471197,39.1357481417127],[-74.7040497281276,39.1356500041371],[-74.7041460758549,39.1354640292814]]}},{"type":"Feature","id":177415,"properties":{"OBJECTID":177415,"PRIMENAME":"Central Avenue","ELEVTYP_F":0,"ELEVTYP_T":0},"geometry":{"type":"LineString","coordinates":[[-74.6978015437264,39.150917401],[-74.6979445200401,39.1507424851739],[-74.6981084373248,39.1505447576083]]}},{"type":"Feature","id":178564,"properties":{"OBJECTID":178564,"PRIMENAME":"Central Avenue","ELEVTYP_F":0,"ELEVTYP_T":0},"geometry":{"type":"LineString","coordinates":[[-74.6981084373248,39.1505447576083],[-74.6986450637081,39.1498976276147]]}},{"type":"Feature","id":178956,"properties":{"OBJECTID":178956,"PRIMENAME":"37th Street","ELEVTYP_F":0,"ELEVTYP_T":0},"geometry":{"type":"LineString","coordinates":[[-74.690981782387,39.1592144426365],[-74.6917117011041,39.1595803805598],[-74.6929814970504,39.1602092068201]]}},{"type":"Feature","id":179428,"properties":{"OBJECTID":179428,"PRIMENAME":"76th Street","ELEVTYP_F":0,"ELEVTYP_T":0},"geometry":{"type":"LineString","coordinates":[[-74.707799464081,39.1324443300655],[-74.7099092396275,39.1330783120654],[-74.7099974571326,39.1331050883936]]}},{"type":"Feature","id":179843,"properties":{"OBJECTID":179843,"PRIMENAME":"29th Street","ELEVTYP_F":0,"ELEVTYP_T":0},"geometry":{"type":"LineString","coordinates":[[-74.6841919891341,39.1631065373273],[-74.6843156305345,39.1631620362326],[-74.6848988958549,39.1634238447616],[-74.6850353309994,39.1634811792298]]}},{"type":"Feature","id":180288,"properties":{"OBJECTID":180288,"PRIMENAME":"Pleasure Avenue","ELEVTYP_F":0,"ELEVTYP_T":0},"geometry":{"type":"LineString","coordinates":[[-74.6910936971715,39.1543546648891],[-74.6911561224548,39.1542780099827],[-74.6916230820956,39.1537078532996]]}},{"type":"Feature","id":180478,"properties":{"OBJECTID":180478,"PRIMENAME":"79th Street","ELEVTYP_F":0,"ELEVTYP_T":0},"geometry":{"type":"LineString","coordinates":[[-74.7110626109067,39.1309507495752],[-74.7106399871999,39.1308219141273],[-74.7088671442391,39.1302903362167]]}},{"type":"Feature","id":180752,"properties":{"OBJECTID":180752,"PRIMENAME":"Landis Avenue","ELEVTYP_F":0,"ELEVTYP_T":0},"geometry":{"type":"LineString","coordinates":[[-74.7106705769632,39.1275403786298],[-74.7104931144885,39.1276822714407],[-74.7103155997948,39.1278181230096],[-74.7101613681449,39.1279600013197],[-74.7100456918371,39.1280867081987],[-74.7099870394249,39.1281604281773]]}},{"type":"Feature","id":180789,"properties":{"OBJECTID":180789,"PRIMENAME":"Park Road","ELEVTYP_F":0,"ELEVTYP_T":0},"geometry":{"type":"LineString","coordinates":[[-74.6983782353799,39.1525520876068],[-74.6983739669171,39.1525894644509],[-74.6983566451429,39.1526370781452],[-74.6983080197702,39.1527019610731]]}},{"type":"Feature","id":180928,"properties":{"OBJECTID":180928,"PRIMENAME":"71st Street","ELEVTYP_F":0,"ELEVTYP_T":0},"geometry":{"type":"LineString","coordinates":[[-74.7082191985117,39.1366900067185],[-74.7067660746228,39.1362548890893],[-74.7060230578536,39.136032259631]]}},{"type":"Feature","id":181177,"properties":{"OBJECTID":181177,"PRIMENAME":"Landis Avenue","ELEVTYP_F":0,"ELEVTYP_T":0},"geometry":{"type":"LineString","coordinates":[[-74.6993339171924,39.1455644766236],[-74.6989393330776,39.1461127950644],[-74.6987857345995,39.1463140754743]]}},{"type":"Feature","id":181387,"properties":{"OBJECTID":181387,"PRIMENAME":"Pleasure Avenue","ELEVTYP_F":0,"ELEVTYP_T":0},"geometry":{"type":"LineString","coordinates":[[-74.7102707139164,39.1245544596975],[-74.7100911546995,39.1248662100628],[-74.7098928544497,39.1252067695712]]}},{"type":"Feature","id":181476,"properties":{"OBJECTID":181476,"PRIMENAME":"74th Street","ELEVTYP_F":0,"ELEVTYP_T":0},"geometry":{"type":"LineString","coordinates":[[-74.7070901391694,39.1338782843459],[-74.7073280793108,39.1339499378615],[-74.7090636861367,39.1344762509502],[-74.7092850707465,39.1345399675971]]}},{"type":"Feature","id":181661,"properties":{"OBJECTID":181661,"PRIMENAME":"Central Avenue","ELEVTYP_F":0,"ELEVTYP_T":0},"geometry":{"type":"LineString","coordinates":[[-74.7092850707465,39.1345399675971],[-74.7096428674092,39.1338210298458]]}},{"type":"Feature","id":182752,"properties":{"OBJECTID":182752,"PRIMENAME":"35th Street","ELEVTYP_F":0,"ELEVTYP_T":0},"geometry":{"type":"LineString","coordinates":[[-74.6899173037756,39.1605093007303],[-74.6884634683895,39.1597905125516],[-74.6879321297115,39.1595186890858]]}},{"type":"Feature","id":183173,"properties":{"OBJECTID":183173,"PRIMENAME":"69th Street","ELEVTYP_F":0,"ELEVTYP_T":0},"geometry":{"type":"LineString","coordinates":[[-74.707655244591,39.1377404751403],[-74.7081305649039,39.1379486085193]]}},{"type":"Feature","id":183353,"properties":{"OBJECTID":183353,"PRIMENAME":"Unamed Road","ELEVTYP_F":0,"ELEVTYP_T":0},"geometry":{"type":"LineString","coordinates":[[-74.707782016498,39.1609410131452],[-74.7077950013691,39.1609591112188],[-74.7078067778156,39.1609777035773],[-74.7078173148866,39.1609967413579],[-74.7078265848885,39.1610161745269],[-74.7078345634574,39.1610359520115],[-74.7078412296235,39.161056021834],[-74.7078465658662,39.1610763312483],[-74.70785055816,39.1610968268786],[-74.7078531960114,39.1611174548597],[-74.7078544724867,39.1611381609785],[-74.7078543842298,39.1611588908164],[-74.7078529314716,39.1611795898925],[-74.7078501180288,39.1612002038067],[-74.7078459512945,39.1612206783826],[-74.7078404422182,39.1612409598102],[-74.7078336052775,39.1612609947866],[-74.707825127065,39.1612848856318],[-74.7078138193524,39.1613080554705],[-74.7077997810193,39.1613303016899],[-74.7077831348241,39.1613514297539],[-74.7077640263304,39.1613712549039],[-74.7077426226343,39.1613896037748],[-74.7077191109032,39.1614063159111],[-74.7076936967393,39.1614212451698],[-74.7076666023811,39.1614342609988],[-74.7076380647607,39.1614452495781],[-74.7076083334313,39.1614541148156],[-74.7075776683851,39.1614607791871],[-74.7075463377799,39.1614651844144],[-74.7075146155934,39.1614672919748],[-74.7074827792282,39.1614670834385],[-74.707451107085,39.1614645606288]]}},{"type":"Feature","id":183728,"properties":{"OBJECTID":183728,"PRIMENAME":"Marine Place","ELEVTYP_F":0,"ELEVTYP_T":0},"geometry":{"type":"LineString","coordinates":[[-74.685053272036,39.1626139271452],[-74.6855328228331,39.1619425752938]]}},{"type":"Feature","id":183969,"properties":{"OBJECTID":183969,"PRIMENAME":"38th Street","ELEVTYP_F":0,"ELEVTYP_T":0},"geometry":{"type":"LineString","coordinates":[[-74.6915145073242,39.1585630971523],[-74.6902971706421,39.1579505886589],[-74.6895351759506,39.1575692625324]]}},{"type":"Feature","id":184728,"properties":{"OBJECTID":184728,"PRIMENAME":"Central Avenue","ELEVTYP_F":0,"ELEVTYP_T":0},"geometry":{"type":"LineString","coordinates":[[-74.7089309956802,39.1352560418239],[-74.7091365740007,39.1348384250166],[-74.7092850707465,39.1345399675971]]}},{"type":"Feature","id":184859,"properties":{"OBJECTID":184859,"PRIMENAME":"Central Avenue","ELEVTYP_F":0,"ELEVTYP_T":0},"geometry":{"type":"LineString","coordinates":[[-74.7117732435141,39.1295192949941],[-74.7120394976268,39.1289848940945],[-74.7121295144235,39.1288020814301]]}},{"type":"Feature","id":184930,"properties":{"OBJECTID":184930,"PRIMENAME":"Pleasure Avenue","ELEVTYP_F":0,"ELEVTYP_T":0},"geometry":{"type":"LineString","coordinates":[[-74.7004518584356,39.1415774551667],[-74.7004517565068,39.1415415135288],[-74.7004600366507,39.1415022621932],[-74.7004767081985,39.1414629964238],[-74.7005101531397,39.141407337093],[-74.700602152208,39.1412731298226],[-74.7006940872359,39.1411291205193],[-74.700754307862,39.1410167150772]]}},{"type":"Feature","id":185029,"properties":{"OBJECTID":185029,"PRIMENAME":"59th Street","ELEVTYP_F":0,"ELEVTYP_T":0},"geometry":{"type":"LineString","coordinates":[[-74.6994937173005,39.1429895758684],[-74.6999798867903,39.1432020063221]]}},{"type":"Feature","id":186521,"properties":{"OBJECTID":186521,"PRIMENAME":"Central Avenue","ELEVTYP_F":0,"ELEVTYP_T":0},"geometry":{"type":"LineString","coordinates":[[-74.7121295144235,39.1288020814301],[-74.7124639986102,39.1281226328714],[-74.7124818047764,39.1280885530002]]}},{"type":"Feature","id":186654,"properties":{"OBJECTID":186654,"PRIMENAME":"40th Street","ELEVTYP_F":0,"ELEVTYP_T":0},"geometry":{"type":"LineString","coordinates":[[-74.6906026938999,39.1562773408762],[-74.6916665477975,39.1568081098248],[-74.6925862298394,39.157269146287]]}},{"type":"Feature","id":187749,"properties":{"OBJECTID":187749,"PRIMENAME":"91st Street","ELEVTYP_F":0,"ELEVTYP_T":0},"geometry":{"type":"LineString","coordinates":[[-74.714016605643,39.1230564089078],[-74.7147642128458,39.1233181077648]]}},{"type":"Feature","id":191437,"properties":{"OBJECTID":191437,"PRIMENAME":"Central Avenue","ELEVTYP_F":0,"ELEVTYP_T":0},"geometry":{"type":"LineString","coordinates":[[-74.6965126872701,39.1524906677168],[-74.6970020219902,39.1518955469771],[-74.6970430367175,39.1518453404396]]}},{"type":"Feature","id":192224,"properties":{"OBJECTID":192224,"PRIMENAME":"Landis Avenue","ELEVTYP_F":0,"ELEVTYP_T":0},"geometry":{"type":"LineString","coordinates":[[-74.7017420507354,39.1422117824242],[-74.7012615662094,39.142880933591]]}},{"type":"Feature","id":193260,"properties":{"OBJECTID":193260,"PRIMENAME":"Landis Avenue","ELEVTYP_F":0,"ELEVTYP_T":0},"geometry":{"type":"LineString","coordinates":[[-74.6961269979778,39.1495569411538],[-74.6955939916677,39.1502072938597]]}},{"type":"Feature","id":193293,"properties":{"OBJECTID":193293,"PRIMENAME":"Landis Avenue","ELEVTYP_F":0,"ELEVTYP_T":0},"geometry":{"type":"LineString","coordinates":[[-74.6884599009829,39.1588762613555],[-74.6879321297115,39.1595186890858]]}},{"type":"Feature","id":193460,"properties":{"OBJECTID":193460,"PRIMENAME":"Joseph A Larosa Way","ELEVTYP_F":0,"ELEVTYP_T":0},"geometry":{"type":"LineString","coordinates":[[-74.6951315932989,39.1576186766912],[-74.695284248098,39.1577142757805],[-74.6954351540083,39.1578019970523],[-74.6957033454946,39.1579351280608],[-74.6970631653788,39.1586068396788]]}},{"type":"Feature","id":196722,"properties":{"OBJECTID":196722,"PRIMENAME":"Landis Avenue","ELEVTYP_F":0,"ELEVTYP_T":0},"geometry":{"type":"LineString","coordinates":[[-74.7070901391694,39.1338782843459],[-74.7067361911417,39.1345960273476]]}},{"type":"Feature","id":197106,"properties":{"OBJECTID":197106,"PRIMENAME":"39th Street","ELEVTYP_F":0,"ELEVTYP_T":0},"geometry":{"type":"LineString","coordinates":[[-74.6940442563509,39.1589137479488],[-74.6938436606906,39.1588145470749],[-74.692049323796,39.1579190209058]]}},{"type":"Feature","id":197980,"properties":{"OBJECTID":197980,"PRIMENAME":"Landis Avenue","ELEVTYP_F":0,"ELEVTYP_T":0},"geometry":{"type":"LineString","coordinates":[[-74.7144714393965,39.1225796195156],[-74.7142566375305,39.1228047564846],[-74.714016605643,39.1230564089078]]}},{"type":"Feature","id":200224,"properties":{"OBJECTID":200224,"PRIMENAME":"Central Avenue","ELEVTYP_F":0,"ELEVTYP_T":0},"geometry":{"type":"LineString","coordinates":[[-74.7103503144636,39.1323896993232],[-74.7107060804994,39.1316707887527]]}},{"type":"Feature","id":200698,"properties":{"OBJECTID":200698,"PRIMENAME":"Cini Avenue","ELEVTYP_F":0,"ELEVTYP_T":0},"geometry":{"type":"LineString","coordinates":[[-74.6935164317205,39.1595571063543],[-74.6940442563509,39.1589137479488]]}},{"type":"Feature","id":201389,"properties":{"OBJECTID":201389,"PRIMENAME":"Central Avenue","ELEVTYP_F":0,"ELEVTYP_T":0},"geometry":{"type":"LineString","coordinates":[[-74.7071750624707,39.1384111621961],[-74.7076083529034,39.1378008565956],[-74.707655244591,39.1377404751403]]}},{"type":"Feature","id":202128,"properties":{"OBJECTID":202128,"PRIMENAME":"Landis Avenue","ELEVTYP_F":0,"ELEVTYP_T":0},"geometry":{"type":"LineString","coordinates":[[-74.7125830429531,39.124591123568],[-74.7124990053568,39.1247086307662],[-74.7123451378701,39.1249800303448],[-74.7121984391144,39.1252323322608]]}},{"type":"Feature","id":203122,"properties":{"OBJECTID":203122,"PRIMENAME":"Central Avenue","ELEVTYP_F":0,"ELEVTYP_T":0},"geometry":{"type":"LineString","coordinates":[[-74.7002383973819,39.1479621261443],[-74.7006446370033,39.1474825104196],[-74.7007742201112,39.1473064754233]]}},{"type":"Feature","id":204323,"properties":{"OBJECTID":204323,"PRIMENAME":"Central Avenue","ELEVTYP_F":0,"ELEVTYP_T":0},"geometry":{"type":"LineString","coordinates":[[-74.7107060804994,39.1316707887527],[-74.7109255560627,39.1312272783988],[-74.7110626109067,39.1309507495752]]}},{"type":"Feature","id":204367,"properties":{"OBJECTID":204367,"PRIMENAME":"Central Avenue","ELEVTYP_F":0,"ELEVTYP_T":0},"geometry":{"type":"LineString","coordinates":[[-74.7018745490901,39.1457888816021],[-74.7021757306854,39.145361749684],[-74.7023528204106,39.1451180844328]]}},{"type":"Feature","id":204624,"properties":{"OBJECTID":204624,"PRIMENAME":"Central Avenue","ELEVTYP_F":0,"ELEVTYP_T":0},"geometry":{"type":"LineString","coordinates":[[-74.6888499736923,39.1618073649591],[-74.6892459647197,39.1613276417266],[-74.6893855984713,39.1611574246694]]}},{"type":"Feature","id":205282,"properties":{"OBJECTID":205282,"PRIMENAME":"Landis Avenue","ELEVTYP_F":0,"ELEVTYP_T":0},"geometry":{"type":"LineString","coordinates":[[-74.700299237758,39.144221457192],[-74.6998486860131,39.14484917341],[-74.6998163376687,39.1448940944055]]}},{"type":"Feature","id":205456,"properties":{"OBJECTID":205456,"PRIMENAME":"81st Street","ELEVTYP_F":0,"ELEVTYP_T":0},"geometry":{"type":"LineString","coordinates":[[-74.7070135928177,39.12809581145],[-74.7087228456499,39.1286050979689]]}},{"type":"Feature","id":206767,"properties":{"OBJECTID":206767,"PRIMENAME":"Pleasure Avenue","ELEVTYP_F":0,"ELEVTYP_T":0},"geometry":{"type":"LineString","coordinates":[[-74.7056731051466,39.1318409001673],[-74.7056717575319,39.131838074796],[-74.7056380811897,39.1317988970536],[-74.7056254090373,39.1317694843332],[-74.7056252759275,39.1317237126876],[-74.7056669632374,39.1316320944787],[-74.7059007219762,39.1311673985172],[-74.7059527353166,39.1310627744889]]}},{"type":"Feature","id":206825,"properties":{"OBJECTID":206825,"PRIMENAME":"Central Avenue","ELEVTYP_F":0,"ELEVTYP_T":0},"geometry":{"type":"LineString","coordinates":[[-74.6959783910886,39.1531398160163],[-74.6961686407776,39.1529090978168],[-74.6965126872701,39.1524906677168]]}},{"type":"Feature","id":207066,"properties":{"OBJECTID":207066,"PRIMENAME":"42nd Street","ELEVTYP_F":0,"ELEVTYP_T":0},"geometry":{"type":"LineString","coordinates":[[-74.6918666762032,39.1547391474467],[-74.6924227290688,39.1550157183969],[-74.6938486311998,39.1557291487929]]}},{"type":"Feature","id":207187,"properties":{"OBJECTID":207187,"PRIMENAME":"Landis Avenue","ELEVTYP_F":0,"ELEVTYP_T":0},"geometry":{"type":"LineString","coordinates":[[-74.7131132238426,39.1239961328965],[-74.7129228364327,39.1241957972744],[-74.7127994873949,39.1243225479975],[-74.7126838756798,39.124455270586],[-74.7126068436614,39.124557828172],[-74.7125830429531,39.124591123568]]}},{"type":"Feature","id":209242,"properties":{"OBJECTID":209242,"PRIMENAME":"Pleasure Avenue","ELEVTYP_F":0,"ELEVTYP_T":0},"geometry":{"type":"LineString","coordinates":[[-74.6866273407541,39.1597868777369],[-74.6871797749463,39.1591337783061]]}},{"type":"Feature","id":209373,"properties":{"OBJECTID":209373,"PRIMENAME":"85th Street","ELEVTYP_F":0,"ELEVTYP_T":0},"geometry":{"type":"LineString","coordinates":[[-74.710838956904,39.1263272625807],[-74.7114399288134,39.1265384779147]]}},{"type":"Feature","id":209409,"properties":{"OBJECTID":209409,"PRIMENAME":"77th Street","ELEVTYP_F":0,"ELEVTYP_T":0},"geometry":{"type":"LineString","coordinates":[[-74.7081553991667,39.1317260035011],[-74.7061137412165,39.1311112552933],[-74.7059527353166,39.1310627744889]]}},{"type":"Feature","id":209963,"properties":{"OBJECTID":209963,"PRIMENAME":"80th Street","ELEVTYP_F":0,"ELEVTYP_T":0},"geometry":{"type":"LineString","coordinates":[[-74.7083677589551,39.1293167804875],[-74.7092234827234,39.129572966623]]}},{"type":"Feature","id":211735,"properties":{"OBJECTID":211735,"PRIMENAME":"Central Avenue","ELEVTYP_F":0,"ELEVTYP_T":0},"geometry":{"type":"LineString","coordinates":[[-74.695445383707,39.1537874489314],[-74.6956591132099,39.1535269284328],[-74.6959783910886,39.1531398160163]]}},{"type":"Feature","id":212089,"properties":{"OBJECTID":212089,"PRIMENAME":"Landis Avenue","ELEVTYP_F":0,"ELEVTYP_T":0},"geometry":{"type":"LineString","coordinates":[[-74.7067361911417,39.1345960273476],[-74.7066158356894,39.1348400378194],[-74.7063781239169,39.1353181419729]]}},{"type":"Feature","id":212385,"properties":{"OBJECTID":212385,"PRIMENAME":"44th Street","ELEVTYP_F":0,"ELEVTYP_T":0},"geometry":{"type":"LineString","coordinates":[[-74.692930402264,39.1534460841044],[-74.6939431270663,39.1539494874835],[-74.6949149733961,39.1544334273645]]}},{"type":"Feature","id":212429,"properties":{"OBJECTID":212429,"PRIMENAME":"Landis Avenue","ELEVTYP_F":0,"ELEVTYP_T":0},"geometry":{"type":"LineString","coordinates":[[-74.7012615662094,39.142880933591],[-74.700811909815,39.1435071143783],[-74.7007799850024,39.1435516502612]]}},{"type":"Feature","id":212643,"properties":{"OBJECTID":212643,"PRIMENAME":"43rd Street","ELEVTYP_F":0,"ELEVTYP_T":0},"geometry":{"type":"LineString","coordinates":[[-74.6923968757425,39.1540951876133],[-74.6920443742069,39.1539186394086],[-74.6916230820956,39.1537078532996]]}},{"type":"Feature","id":213884,"properties":{"OBJECTID":213884,"PRIMENAME":"Pleasure Avenue","ELEVTYP_F":0,"ELEVTYP_T":0},"geometry":{"type":"LineString","coordinates":[[-74.690533906728,39.1550419408328],[-74.6910936971715,39.1543546648891]]}},{"type":"Feature","id":214473,"properties":{"OBJECTID":214473,"PRIMENAME":"45th Place","ELEVTYP_F":0,"ELEVTYP_T":0},"geometry":{"type":"LineString","coordinates":[[-74.6969781713721,39.1543196893325],[-74.6988414586178,39.1552492806345],[-74.699154455254,39.1554054284598]]}},{"type":"Feature","id":214673,"properties":{"OBJECTID":214673,"PRIMENAME":"57th Street","ELEVTYP_F":0,"ELEVTYP_T":0},"geometry":{"type":"LineString","coordinates":[[-74.6998163376687,39.1448940944055],[-74.700273846383,39.1450915268212],[-74.7018745490901,39.1457888816021]]}},{"type":"Feature","id":215383,"properties":{"OBJECTID":215383,"PRIMENAME":"44th Street","ELEVTYP_F":0,"ELEVTYP_T":0},"geometry":{"type":"LineString","coordinates":[[-74.6993485977252,39.156593107552],[-74.6993667198695,39.1566342503527],[-74.699496576293,39.1566979229292],[-74.6996635781036,39.1567809223118]]}},{"type":"Feature","id":215847,"properties":{"OBJECTID":215847,"PRIMENAME":"57th Street","ELEVTYP_F":0,"ELEVTYP_T":0},"geometry":{"type":"LineString","coordinates":[[-74.6983894234305,39.144278221904],[-74.6985198995788,39.1443345338892],[-74.6990198073752,39.1445502861154]]}},{"type":"Feature","id":219138,"properties":{"OBJECTID":219138,"PRIMENAME":"87th Street","ELEVTYP_F":0,"ELEVTYP_T":0},"geometry":{"type":"LineString","coordinates":[[-74.7102707139164,39.1245544596975],[-74.7120243926723,39.1251697708872],[-74.7121984391144,39.1252323322608]]}},{"type":"Feature","id":221533,"properties":{"OBJECTID":221533,"PRIMENAME":"44th Street","ELEVTYP_F":0,"ELEVTYP_T":0},"geometry":{"type":"LineString","coordinates":[[-74.6921553467526,39.1530599093438],[-74.6928460744281,39.1534041589129],[-74.692930402264,39.1534460841044]]}},{"type":"Feature","id":222226,"properties":{"OBJECTID":222226,"PRIMENAME":"Sea Isle Boulevard","ELEVTYP_F":0,"ELEVTYP_T":0},"geometry":{"type":"LineString","coordinates":[[-74.7082481469048,39.1611964429099],[-74.707782016498,39.1609410131452]]}},{"type":"Feature","id":223917,"properties":{"OBJECTID":223917,"PRIMENAME":"Central Avenue","ELEVTYP_F":0,"ELEVTYP_T":0},"geometry":{"type":"LineString","coordinates":[[-74.6931597044225,39.1565699487817],[-74.6932124299906,39.1565056098529],[-74.6932769295177,39.1564268640543]]}},{"type":"Feature","id":224555,"properties":{"OBJECTID":224555,"PRIMENAME":"Park Road","ELEVTYP_F":0,"ELEVTYP_T":0},"geometry":{"type":"LineString","coordinates":[[-74.6956504004502,39.1559332510643],[-74.6952422559446,39.1564295192937]]}},{"type":"Feature","id":225136,"properties":{"OBJECTID":225136,"PRIMENAME":"Sounds Avenue","ELEVTYP_F":0,"ELEVTYP_T":0},"geometry":{"type":"LineString","coordinates":[[-74.704807493523,39.1478903476577],[-74.7048933405357,39.1480059738144],[-74.7049273858782,39.148191802584],[-74.7047188998585,39.1485117667745]]}},{"type":"Feature","id":225736,"properties":{"OBJECTID":225736,"PRIMENAME":"90th Street","ELEVTYP_F":0,"ELEVTYP_T":0},"geometry":{"type":"LineString","coordinates":[[-74.7116529472918,39.1228605026],[-74.7111597805348,39.1226936640932],[-74.7110136403845,39.1226442227829]]}},{"type":"Feature","id":226436,"properties":{"OBJECTID":226436,"PRIMENAME":"56th Street","ELEVTYP_F":0,"ELEVTYP_T":0},"geometry":{"type":"LineString","coordinates":[[-74.704807493523,39.1478903476577],[-74.704771898316,39.1478973295648],[-74.70473185065,39.1479008870765],[-74.7046606046531,39.1478836863214],[-74.7045091386416,39.1478181087918],[-74.7034293810984,39.1473469016841]]}},{"type":"Feature","id":226473,"properties":{"OBJECTID":226473,"PRIMENAME":"Pleasure Avenue","ELEVTYP_F":0,"ELEVTYP_T":0},"geometry":{"type":"LineString","coordinates":[[-74.698023576358,39.1459337654917],[-74.6980741100359,39.1458718998905],[-74.6985409345325,39.1452178312949]]}},{"type":"Feature","id":227505,"properties":{"OBJECTID":227505,"PRIMENAME":"79th Street","ELEVTYP_F":0,"ELEVTYP_T":0},"geometry":{"type":"LineString","coordinates":[[-74.7080078896481,39.1300348132224],[-74.7087213806639,39.1302466919709],[-74.7088671442391,39.1302903362167]]}},{"type":"Feature","id":227556,"properties":{"OBJECTID":227556,"PRIMENAME":"54th Street","ELEVTYP_F":0,"ELEVTYP_T":0},"geometry":{"type":"LineString","coordinates":[[-74.7021927461913,39.1489302059503],[-74.7002383973819,39.1479621261443]]}},{"type":"Feature","id":227570,"properties":{"OBJECTID":227570,"PRIMENAME":"Pleasure Avenue","ELEVTYP_F":0,"ELEVTYP_T":0},"geometry":{"type":"LineString","coordinates":[[-74.7054084849273,39.1325450825904],[-74.7056347323527,39.1320898998659],[-74.7057014635881,39.1319426085539],[-74.7057013685311,39.1319099342123],[-74.7056886785606,39.1318740147352],[-74.7056731051466,39.1318409001673]]}},{"type":"Feature","id":227744,"properties":{"OBJECTID":227744,"PRIMENAME":"75th Street","ELEVTYP_F":0,"ELEVTYP_T":0},"geometry":{"type":"LineString","coordinates":[[-74.7104115150417,39.1340713495537],[-74.7102067673267,39.1340177098009],[-74.7101373546186,39.1339962255238],[-74.7100227444152,39.1339505232976],[-74.7098387404146,39.1338778989769],[-74.7096428674092,39.1338210298458]]}},{"type":"Feature","id":228348,"properties":{"OBJECTID":228348,"PRIMENAME":"67th Street","ELEVTYP_F":0,"ELEVTYP_T":0},"geometry":{"type":"LineString","coordinates":[[-74.7046305155383,39.1381857800933],[-74.7061806161531,39.1388596354788],[-74.7066949389257,39.1390808570747]]}},{"type":"Feature","id":231353,"properties":{"OBJECTID":231353,"PRIMENAME":"65th Street","ELEVTYP_F":0,"ELEVTYP_T":0},"geometry":{"type":"LineString","coordinates":[[-74.7022114689311,39.1388853427128],[-74.7023623351177,39.1389581455459],[-74.7026262570866,39.139073833607],[-74.7035672858491,39.1394854330168],[-74.7036671215557,39.1395285864454]]}},{"type":"Feature","id":231488,"properties":{"OBJECTID":231488,"PRIMENAME":"46th Street","ELEVTYP_F":0,"ELEVTYP_T":0},"geometry":{"type":"LineString","coordinates":[[-74.6932233473803,39.1517676602023],[-74.693997752606,39.1521513850544]]}},{"type":"Feature","id":231552,"properties":{"OBJECTID":231552,"PRIMENAME":"Pleasure Avenue","ELEVTYP_F":0,"ELEVTYP_T":0},"geometry":{"type":"LineString","coordinates":[[-74.6871797749463,39.1591337783061],[-74.6877075252722,39.1585037405207]]}},{"type":"Feature","id":234026,"properties":{"OBJECTID":234026,"PRIMENAME":"Pleasure Avenue","ELEVTYP_F":0,"ELEVTYP_T":0},"geometry":{"type":"LineString","coordinates":[[-74.7121176575546,39.1223807658717],[-74.7118598566968,39.1226454886477],[-74.7116529472918,39.1228605026]]}},{"type":"Feature","id":235605,"properties":{"OBJECTID":235605,"PRIMENAME":"Kneass Street","ELEVTYP_F":0,"ELEVTYP_T":0},"geometry":{"type":"LineString","coordinates":[[-74.6960068707842,39.1598844137379],[-74.6954691284497,39.1605335097748]]}},{"type":"Feature","id":236494,"properties":{"OBJECTID":236494,"PRIMENAME":"Central Avenue","ELEVTYP_F":0,"ELEVTYP_T":0},"geometry":{"type":"LineString","coordinates":[[-74.6986450637081,39.1498976276147],[-74.6988652079088,39.1496321211093],[-74.6991728363785,39.1492532559818]]}},{"type":"Feature","id":236739,"properties":{"OBJECTID":236739,"PRIMENAME":"Old Sea Isle Boulevard","ELEVTYP_F":0,"ELEVTYP_T":0},"geometry":{"type":"LineString","coordinates":[[-74.7081525270913,39.1617094129098],[-74.7079141538595,39.1616182392894],[-74.7075028913017,39.1614796250578],[-74.707451107085,39.1614645606288]]}},{"type":"Feature","id":238492,"properties":{"OBJECTID":238492,"PRIMENAME":"77th Street","ELEVTYP_F":0,"ELEVTYP_T":0},"geometry":{"type":"LineString","coordinates":[[-74.7103503144636,39.1323896993232],[-74.7088934754503,39.1319482446616],[-74.7081553991667,39.1317260035011]]}},{"type":"Feature","id":240707,"properties":{"OBJECTID":240707,"PRIMENAME":"85th Street","ELEVTYP_F":0,"ELEVTYP_T":0},"geometry":{"type":"LineString","coordinates":[[-74.7114399288134,39.1265384779147],[-74.7128905662795,39.1270482272249],[-74.7132930198895,39.1271921743628],[-74.7135545194524,39.1272857041161]]}},{"type":"Feature","id":241390,"properties":{"OBJECTID":241390,"PRIMENAME":"94th Street","ELEVTYP_F":0,"ELEVTYP_T":0},"geometry":{"type":"LineString","coordinates":[[-74.7159179950862,39.121840722504],[-74.7157070296791,39.1217706084071],[-74.7155794631549,39.1217282109806],[-74.7153986413359,39.1216681138277],[-74.7153771414381,39.1216609684097]]}},{"type":"Feature","id":242374,"properties":{"OBJECTID":242374,"PRIMENAME":"89th Street","ELEVTYP_F":0,"ELEVTYP_T":0},"geometry":{"type":"LineString","coordinates":[[-74.7131132238426,39.1239961328965],[-74.7140080800477,39.124310505417],[-74.7141627317332,39.1243648351203]]}},{"type":"Feature","id":243308,"properties":{"OBJECTID":243308,"PRIMENAME":"Landis Avenue","ELEVTYP_F":0,"ELEVTYP_T":0},"geometry":{"type":"LineString","coordinates":[[-74.7148853728512,39.1221128427435],[-74.7148848461032,39.1221138049165],[-74.7148270999306,39.1222042751428],[-74.7147423265108,39.1222978156648],[-74.7147296715202,39.122310925556],[-74.7146112560544,39.1224336162403],[-74.7144840536398,39.1225663890147],[-74.7144714393965,39.1225796195156]]}},{"type":"Feature","id":243928,"properties":{"OBJECTID":243928,"PRIMENAME":"34th Street","ELEVTYP_F":0,"ELEVTYP_T":0},"geometry":{"type":"LineString","coordinates":[[-74.686346301912,39.1596459757751],[-74.6866273407541,39.1597868777369]]}},{"type":"Feature","id":245386,"properties":{"OBJECTID":245386,"PRIMENAME":"37th Street","ELEVTYP_F":0,"ELEVTYP_T":0},"geometry":{"type":"LineString","coordinates":[[-74.688250691887,39.1578553135607],[-74.6889972969393,39.1582227496453]]}},{"type":"Feature","id":246211,"properties":{"OBJECTID":246211,"PRIMENAME":"Pleasure Avenue","ELEVTYP_F":0,"ELEVTYP_T":0},"geometry":{"type":"LineString","coordinates":[[-74.7098928544497,39.1252067695712],[-74.7097668380858,39.1254231721529],[-74.7095149121354,39.1258568820428]]}},{"type":"Feature","id":246281,"properties":{"OBJECTID":246281,"PRIMENAME":"Pleasure Avenue","ELEVTYP_F":0,"ELEVTYP_T":0},"geometry":{"type":"LineString","coordinates":[[-74.712559749934,39.121919492591],[-74.7123473075619,39.1221449244528],[-74.7121176575546,39.1223807658717]]}},{"type":"Feature","id":246993,"properties":{"OBJECTID":246993,"PRIMENAME":"54th Street","ELEVTYP_F":0,"ELEVTYP_T":0},"geometry":{"type":"LineString","coordinates":[[-74.6974922388279,39.1465844811427],[-74.6970156736389,39.1463444836807]]}},{"type":"Feature","id":247520,"properties":{"OBJECTID":247520,"PRIMENAME":"Landis Avenue","ELEVTYP_F":0,"ELEVTYP_T":0},"geometry":{"type":"LineString","coordinates":[[-74.7099870394249,39.1281604281773],[-74.7098993043378,39.1282707189291],[-74.70981471121,39.1283984767358],[-74.7097914914598,39.1284335460609],[-74.7096953468304,39.1286205136461],[-74.7095731592646,39.1288584355862]]}},{"type":"Feature","id":247912,"properties":{"OBJECTID":247912,"PRIMENAME":"50th Street","ELEVTYP_F":0,"ELEVTYP_T":0},"geometry":{"type":"LineString","coordinates":[[-74.6981084373248,39.1505447576083],[-74.6984953292522,39.1507371270533]]}},{"type":"Feature","id":248387,"properties":{"OBJECTID":248387,"PRIMENAME":"Park Road","ELEVTYP_F":0,"ELEVTYP_T":0},"geometry":{"type":"LineString","coordinates":[[-74.6968418018786,39.154485681601],[-74.6963120612675,39.1551292761484]]}},{"type":"Feature","id":248608,"properties":{"OBJECTID":248608,"PRIMENAME":"52nd Street","ELEVTYP_F":0,"ELEVTYP_T":0},"geometry":{"type":"LineString","coordinates":[[-74.6971920728227,39.1482594701501],[-74.6976860182918,39.1485057531211],[-74.6991728363785,39.1492532559818]]}},{"type":"Feature","id":250508,"properties":{"OBJECTID":250508,"PRIMENAME":"42nd Street","ELEVTYP_F":0,"ELEVTYP_T":0},"geometry":{"type":"LineString","coordinates":[[-74.6938486311998,39.1557291487929],[-74.6944333803798,39.1560216973126],[-74.6952422559446,39.1564295192937]]}},{"type":"Feature","id":252387,"properties":{"OBJECTID":252387,"PRIMENAME":"Landis Avenue","ELEVTYP_F":0,"ELEVTYP_T":0},"geometry":{"type":"LineString","coordinates":[[-74.6966581689512,39.1489095275875],[-74.6961636181621,39.1495122338298],[-74.6961269979778,39.1495569411538]]}},{"type":"Feature","id":252640,"properties":{"OBJECTID":252640,"PRIMENAME":"78th Street","ELEVTYP_F":0,"ELEVTYP_T":0},"geometry":{"type":"LineString","coordinates":[[-74.7107060804994,39.1316707887527],[-74.7117022840483,39.131970360125],[-74.7128913779582,39.1323293463128]]}},{"type":"Feature","id":253513,"properties":{"OBJECTID":253513,"PRIMENAME":"Central Avenue","ELEVTYP_F":0,"ELEVTYP_T":0},"geometry":{"type":"LineString","coordinates":[[-74.6867886255975,39.1642685577858],[-74.6868360621265,39.1642542583948],[-74.6868688673648,39.1642286156589],[-74.6869343625886,39.1641346882233],[-74.6870544839229,39.1639838076104],[-74.6873712483288,39.1636108638975],[-74.6877425067503,39.1631468359492],[-74.6878464317224,39.1630212968751]]}},{"type":"Feature","id":254090,"properties":{"OBJECTID":254090,"PRIMENAME":"34th Street","ELEVTYP_F":0,"ELEVTYP_T":0},"geometry":{"type":"LineString","coordinates":[[-74.6866273407541,39.1597868777369],[-74.687396478299,39.1601724947312]]}},{"type":"Feature","id":254684,"properties":{"OBJECTID":254684,"PRIMENAME":"Central Avenue","ELEVTYP_F":0,"ELEVTYP_T":0},"geometry":{"type":"LineString","coordinates":[[-74.7047695218558,39.1417587770802],[-74.7051867765683,39.141185631784],[-74.7057236340348,39.1404220195557]]}},{"type":"Feature","id":255871,"properties":{"OBJECTID":255871,"PRIMENAME":"67th Street","ELEVTYP_F":0,"ELEVTYP_T":0},"geometry":{"type":"LineString","coordinates":[[-74.7066949389257,39.1390808570747],[-74.7071422937577,39.1392732405344],[-74.707406467305,39.1393868453719]]}},{"type":"Feature","id":256181,"properties":{"OBJECTID":256181,"PRIMENAME":"Cini Avenue","ELEVTYP_F":0,"ELEVTYP_T":0},"geometry":{"type":"LineString","coordinates":[[-74.6945778411974,39.1582655714914],[-74.6948789037997,39.1579006498504],[-74.6949723170161,39.1577964105542]]}},{"type":"Feature","id":257457,"properties":{"OBJECTID":257457,"PRIMENAME":"Roberts Avenue","ELEVTYP_F":0,"ELEVTYP_T":0},"geometry":{"type":"LineString","coordinates":[[-74.7149629606796,39.1219633845813],[-74.7150484378703,39.1219379861413],[-74.7150955567131,39.1219239847513],[-74.7151318123051,39.1219071963565],[-74.7151709921119,39.1218780735835],[-74.7152630315681,39.121786358853],[-74.7153466716966,39.1216913651736],[-74.7153771414381,39.1216609684097]]}},{"type":"Feature","id":257739,"properties":{"OBJECTID":257739,"PRIMENAME":"Commonwealth Avenue","ELEVTYP_F":0,"ELEVTYP_T":0},"geometry":{"type":"LineString","coordinates":[[-74.6708268327696,39.1815481172908],[-74.6706362842602,39.1817581427719],[-74.67046976665,39.1819488044317],[-74.6704269526873,39.18199561417]]}},{"type":"Feature","id":258652,"properties":{"OBJECTID":258652,"PRIMENAME":"91st Street","ELEVTYP_F":0,"ELEVTYP_T":0},"geometry":{"type":"LineString","coordinates":[[-74.7121176575546,39.1223807658717],[-74.7131293019958,39.1227458115169],[-74.714016605643,39.1230564089078]]}},{"type":"Feature","id":260188,"properties":{"OBJECTID":260188,"PRIMENAME":"Landis Avenue","ELEVTYP_F":0,"ELEVTYP_T":0},"geometry":{"type":"LineString","coordinates":[[-74.6889972969393,39.1582227496453],[-74.6887139581378,39.1585669242964],[-74.6884599009829,39.1588762613555]]}},{"type":"Feature","id":260862,"properties":{"OBJECTID":260862,"PRIMENAME":"Joseph A Larosa Way","ELEVTYP_F":0,"ELEVTYP_T":0},"geometry":{"type":"LineString","coordinates":[[-74.6970631653788,39.1586068396788],[-74.6973793561966,39.1587630056882],[-74.6977355159379,39.1589350559982],[-74.6978276931908,39.1589805063819],[-74.6978989014655,39.1590064422761],[-74.6979449542461,39.1590161390774],[-74.6980161078771,39.1590225537942],[-74.698070481041,39.1590061507902],[-74.6981122804777,39.1589832902961],[-74.6981461296563,39.1589551157378]]}},{"type":"Feature","id":261493,"properties":{"OBJECTID":261493,"PRIMENAME":"57th Street","ELEVTYP_F":0,"ELEVTYP_T":0},"geometry":{"type":"LineString","coordinates":[[-74.7018745490901,39.1457888816021],[-74.7026664563739,39.146133831401],[-74.703913086364,39.1466788066504]]}},{"type":"Feature","id":261516,"properties":{"OBJECTID":261516,"PRIMENAME":"Central Avenue","ELEVTYP_F":0,"ELEVTYP_T":0},"geometry":{"type":"LineString","coordinates":[[-74.7114160521608,39.1302374432324],[-74.7115205830655,39.1300264047245],[-74.7117732435141,39.1295192949941]]}},{"type":"Feature","id":262074,"properties":{"OBJECTID":262074,"PRIMENAME":"38th Street","ELEVTYP_F":0,"ELEVTYP_T":0},"geometry":{"type":"LineString","coordinates":[[-74.6966913673026,39.1611390632995],[-74.6964286015317,39.161008890168]]}},{"type":"Feature","id":262981,"properties":{"OBJECTID":262981,"PRIMENAME":"34th Street","ELEVTYP_F":0,"ELEVTYP_T":0},"geometry":{"type":"LineString","coordinates":[[-74.687396478299,39.1601724947312],[-74.6879521395911,39.1604510908292],[-74.6893855984713,39.1611574246694]]}},{"type":"Feature","id":263212,"properties":{"OBJECTID":263212,"PRIMENAME":"Roberts Avenue","ELEVTYP_F":0,"ELEVTYP_T":0},"geometry":{"type":"LineString","coordinates":[[-74.7034293810984,39.1473469016841],[-74.703913086364,39.1466788066504]]}},{"type":"Feature","id":264096,"properties":{"OBJECTID":264096,"PRIMENAME":"58th Street","ELEVTYP_F":0,"ELEVTYP_T":0},"geometry":{"type":"LineString","coordinates":[[-74.7023528204106,39.1451180844328],[-74.7016525755382,39.1448119632198],[-74.7004273207069,39.1442769766113],[-74.700299237758,39.144221457192]]}},{"type":"Feature","id":265380,"properties":{"OBJECTID":265380,"PRIMENAME":"Roberts Avenue","ELEVTYP_F":0,"ELEVTYP_T":0},"geometry":{"type":"LineString","coordinates":[[-74.7153771414381,39.1216609684097],[-74.7154220529735,39.1216160467451],[-74.7154495454629,39.121576022724],[-74.7154512863375,39.1215734881309],[-74.7154525070728,39.1215706644269],[-74.7154551081647,39.1215646464765],[-74.715464937211,39.1215419134928],[-74.7154723690572,39.1215165832977],[-74.7154710310515,39.1214824284157],[-74.7154592970007,39.1214492539507],[-74.7154340003681,39.1214067681879],[-74.7154213160774,39.1213740891381],[-74.7154169215761,39.121331592669],[-74.715421037279,39.1212825457404]]}},{"type":"Feature","id":265543,"properties":{"OBJECTID":265543,"PRIMENAME":"82nd Street","ELEVTYP_F":0,"ELEVTYP_T":0},"geometry":{"type":"LineString","coordinates":[[-74.7138934143238,39.1293298364301],[-74.7132433790978,39.1291353514246],[-74.7121295144235,39.1288020814301]]}},{"type":"Feature","id":266238,"properties":{"OBJECTID":266238,"PRIMENAME":"Sounds Avenue","ELEVTYP_F":0,"ELEVTYP_T":0},"geometry":{"type":"LineString","coordinates":[[-74.7046702757915,39.1469735284314],[-74.7048293927035,39.1477690288882],[-74.7048384495788,39.1478279090849],[-74.7048340963329,39.1478591092719],[-74.704807493523,39.1478903476577]]}},{"type":"Feature","id":266704,"properties":{"OBJECTID":266704,"PRIMENAME":"53rd Street","ELEVTYP_F":0,"ELEVTYP_T":0},"geometry":{"type":"LineString","coordinates":[[-74.6977230521493,39.1476137815433],[-74.6979478805417,39.1477253718183],[-74.6997027279426,39.1486006130457]]}},{"type":"Feature","id":266778,"properties":{"OBJECTID":266778,"PRIMENAME":"Sounds Avenue","ELEVTYP_F":0,"ELEVTYP_T":0},"geometry":{"type":"LineString","coordinates":[[-74.7044697660526,39.1459953708301],[-74.7045765314992,39.1465047436892],[-74.7046702757915,39.1469735284314]]}},{"type":"Feature","id":267446,"properties":{"OBJECTID":267446,"PRIMENAME":"88th Street","ELEVTYP_F":0,"ELEVTYP_T":0},"geometry":{"type":"LineString","coordinates":[[-74.7125830429531,39.124591123568],[-74.7117909220785,39.1243102991651],[-74.7106515584946,39.1239130721907]]}},{"type":"Feature","id":267766,"properties":{"OBJECTID":267766,"PRIMENAME":"Pleasure Avenue","ELEVTYP_F":0,"ELEVTYP_T":0},"geometry":{"type":"LineString","coordinates":[[-74.7112061496726,39.1233201053315],[-74.7109576735748,39.1235816237923],[-74.7106915002104,39.1238549261263],[-74.7106515584946,39.1239130721907]]}},{"type":"Feature","id":269091,"properties":{"OBJECTID":269091,"PRIMENAME":"30th Street","ELEVTYP_F":0,"ELEVTYP_T":0},"geometry":{"type":"LineString","coordinates":[[-74.685053272036,39.1626139271452],[-74.6847357346288,39.1624801923536]]}},{"type":"Feature","id":269581,"properties":{"OBJECTID":269581,"PRIMENAME":"47th Place","ELEVTYP_F":0,"ELEVTYP_T":0},"geometry":{"type":"LineString","coordinates":[[-74.6983080197702,39.1527019610731],[-74.6999435247147,39.1535179552472],[-74.7020940120438,39.1545779558651]]}},{"type":"Feature","id":269700,"properties":{"OBJECTID":269700,"PRIMENAME":"71st Street","ELEVTYP_F":0,"ELEVTYP_T":0},"geometry":{"type":"LineString","coordinates":[[-74.7086579020062,39.1368214038176],[-74.7082191985117,39.1366900067185]]}},{"type":"Feature","id":269778,"properties":{"OBJECTID":269778,"PRIMENAME":"87th Street","ELEVTYP_F":0,"ELEVTYP_T":0},"geometry":{"type":"LineString","coordinates":[[-74.7096418506471,39.1243338160226],[-74.7102707139164,39.1245544596975]]}},{"type":"Feature","id":270144,"properties":{"OBJECTID":270144,"PRIMENAME":"Landis Avenue","ELEVTYP_F":0,"ELEVTYP_T":0},"geometry":{"type":"LineString","coordinates":[[-74.6836360389019,39.1655131425467],[-74.6831391081602,39.1662374062824]]}},{"type":"Feature","id":273951,"properties":{"OBJECTID":273951,"PRIMENAME":"Landis Avenue","ELEVTYP_F":0,"ELEVTYP_T":0},"geometry":{"type":"LineString","coordinates":[[-74.7063781239169,39.1353181419729],[-74.7060230578536,39.136032259631]]}},{"type":"Feature","id":274871,"properties":{"OBJECTID":274871,"PRIMENAME":"Central Avenue","ELEVTYP_F":0,"ELEVTYP_T":0},"geometry":{"type":"LineString","coordinates":[[-74.701392583849,39.1464661088263],[-74.7014993313447,39.1463210302414],[-74.7018745490901,39.1457888816021]]}},{"type":"Feature","id":275863,"properties":{"OBJECTID":275863,"PRIMENAME":"57th Street","ELEVTYP_F":0,"ELEVTYP_T":0},"geometry":{"type":"LineString","coordinates":[[-74.703913086364,39.1466788066504],[-74.7044664842575,39.1469207283605],[-74.7045466442519,39.1469483201164],[-74.7046134355747,39.1469620416075],[-74.7046702757915,39.1469735284314]]}},{"type":"Feature","id":276020,"properties":{"OBJECTID":276020,"PRIMENAME":"83rd Street","ELEVTYP_F":0,"ELEVTYP_T":0},"geometry":{"type":"LineString","coordinates":[[-74.7078447507541,39.1266937650175],[-74.7094325808799,39.1271718191405]]}},{"type":"Feature","id":276454,"properties":{"OBJECTID":276454,"PRIMENAME":"Cini Avenue","ELEVTYP_F":0,"ELEVTYP_T":0},"geometry":{"type":"LineString","coordinates":[[-74.6929814970504,39.1602092068201],[-74.693068884668,39.1601026359797],[-74.6935164317205,39.1595571063543]]}},{"type":"Feature","id":276534,"properties":{"OBJECTID":276534,"PRIMENAME":"68th Street","ELEVTYP_F":0,"ELEVTYP_T":0},"geometry":{"type":"LineString","coordinates":[[-74.7071750624707,39.1384111621961],[-74.705448806535,39.1376616823379],[-74.7051106470586,39.13751417119]]}},{"type":"Feature","id":277282,"properties":{"OBJECTID":277282,"PRIMENAME":"Landis Avenue","ELEVTYP_F":0,"ELEVTYP_T":0},"geometry":{"type":"LineString","coordinates":[[-74.7081553991667,39.1317260035011],[-74.7080614398222,39.1319156853863],[-74.707799464081,39.1324443300655]]}},{"type":"Feature","id":277664,"properties":{"OBJECTID":277664,"PRIMENAME":"85th Street","ELEVTYP_F":0,"ELEVTYP_T":0},"geometry":{"type":"LineString","coordinates":[[-74.7099994283121,39.1260290210348],[-74.7108356746481,39.126326115436],[-74.710838956904,39.1263272625807]]}},{"type":"Feature","id":277695,"properties":{"OBJECTID":277695,"PRIMENAME":"80th Street","ELEVTYP_F":0,"ELEVTYP_T":0},"geometry":{"type":"LineString","coordinates":[[-74.7092234827234,39.129572966623],[-74.7097178225932,39.1297209545026],[-74.7114160521608,39.1302374432324]]}},{"type":"Feature","id":278301,"properties":{"OBJECTID":278301,"PRIMENAME":"Landis Avenue","ELEVTYP_F":0,"ELEVTYP_T":0},"geometry":{"type":"LineString","coordinates":[[-74.6987857345995,39.1463140754743],[-74.6986310117632,39.146516949379],[-74.6982724442162,39.1469483162868],[-74.6982555045278,39.1469687734892]]}},{"type":"Feature","id":279286,"properties":{"OBJECTID":279286,"PRIMENAME":"83rd Street","ELEVTYP_F":0,"ELEVTYP_T":0},"geometry":{"type":"LineString","coordinates":[[-74.7135081045148,39.1283991202721],[-74.7124818047764,39.1280885530002]]}},{"type":"Feature","id":280443,"properties":{"OBJECTID":280443,"PRIMENAME":"Pleasure Avenue","ELEVTYP_F":0,"ELEVTYP_T":0},"geometry":{"type":"LineString","coordinates":[[-74.6964204041981,39.1478746905314],[-74.6964631374009,39.1478220093597],[-74.6969563013287,39.1472332526594]]}},{"type":"Feature","id":280514,"properties":{"OBJECTID":280514,"PRIMENAME":"Central Avenue","ELEVTYP_F":0,"ELEVTYP_T":0},"geometry":{"type":"LineString","coordinates":[[-74.6932769295177,39.1564268640543],[-74.6935370346401,39.156109461842]]}},{"type":"Feature","id":280533,"properties":{"OBJECTID":280533,"PRIMENAME":"Pleasure Avenue","ELEVTYP_F":0,"ELEVTYP_T":0},"geometry":{"type":"LineString","coordinates":[[-74.7025008925552,39.1382786828657],[-74.7025372353409,39.1381898488527],[-74.7025915527341,39.1380981828658],[-74.7029512267878,39.1376104010702],[-74.7029930401514,39.1375481917065],[-74.7030307413502,39.1375154236368],[-74.7030809672993,39.1374728595861],[-74.7031078212977,39.1374439822133]]}},{"type":"Feature","id":280706,"properties":{"OBJECTID":280706,"PRIMENAME":"Central Avenue","ELEVTYP_F":0,"ELEVTYP_T":0},"geometry":{"type":"LineString","coordinates":[[-74.7062101009016,39.1397451225628],[-74.7066949389257,39.1390808570747]]}},{"type":"Feature","id":281795,"properties":{"OBJECTID":281795,"PRIMENAME":"Landis Avenue","ELEVTYP_F":0,"ELEVTYP_T":0},"geometry":{"type":"LineString","coordinates":[[-74.7027034662832,39.1408668267489],[-74.7025225326046,39.1411185168778],[-74.7022257102599,39.1415343305434]]}},{"type":"Feature","id":282010,"properties":{"OBJECTID":282010,"PRIMENAME":"Landis Avenue","ELEVTYP_F":0,"ELEVTYP_T":0},"geometry":{"type":"LineString","coordinates":[[-74.7114399288134,39.1265384779147],[-74.7112255767103,39.1269098217395],[-74.7111485849243,39.1270274529838],[-74.7110792408222,39.1271209078735],[-74.7110404296298,39.127168507607]]}},{"type":"Feature","id":282771,"properties":{"OBJECTID":282771,"PRIMENAME":"Landis Avenue","ELEVTYP_F":0,"ELEVTYP_T":0},"geometry":{"type":"LineString","coordinates":[[-74.6934648005472,39.1527969505175],[-74.6932680734184,39.1530352250034],[-74.692930402264,39.1534460841044]]}},{"type":"Feature","id":283183,"properties":{"OBJECTID":283183,"PRIMENAME":"Landis Avenue","ELEVTYP_F":0,"ELEVTYP_T":0},"geometry":{"type":"LineString","coordinates":[[-74.6850353309994,39.1634811792298],[-74.6847545099704,39.1638866799213],[-74.684569974489,39.1641566880842]]}},{"type":"Feature","id":283829,"properties":{"OBJECTID":283829,"PRIMENAME":"46th Place","ELEVTYP_F":0,"ELEVTYP_T":0},"geometry":{"type":"LineString","coordinates":[[-74.6976398557676,39.1535096926294],[-74.6995621122931,39.1544735594171],[-74.7005106010763,39.1549375037996]]}},{"type":"Feature","id":286061,"properties":{"OBJECTID":286061,"PRIMENAME":"61st Street","ELEVTYP_F":0,"ELEVTYP_T":0},"geometry":{"type":"LineString","coordinates":[[-74.7009377745953,39.1418647331157],[-74.7006076100348,39.1417178258261],[-74.7005529357698,39.1416851905069],[-74.7005192773767,39.1416656433824],[-74.7005081509934,39.1416570045265],[-74.7004940462212,39.1416460547269],[-74.7004687791666,39.1416133958043],[-74.7004518584356,39.1415774551667]]}},{"type":"Feature","id":288457,"properties":{"OBJECTID":288457,"PRIMENAME":"Landis Avenue","ELEVTYP_F":0,"ELEVTYP_T":0},"geometry":{"type":"LineString","coordinates":[[-74.7046305155383,39.1381857800933],[-74.704406358348,39.1384946616653],[-74.7041507150391,39.13885299386]]}},{"type":"Feature","id":289143,"properties":{"OBJECTID":289143,"PRIMENAME":"Central Avenue","ELEVTYP_F":0,"ELEVTYP_T":0},"geometry":{"type":"LineString","coordinates":[[-74.7099974571326,39.1331050883936],[-74.7102651218954,39.1325619033805],[-74.7103503144636,39.1323896993232]]}},{"type":"Feature","id":289145,"properties":{"OBJECTID":289145,"PRIMENAME":"Landis Avenue","ELEVTYP_F":0,"ELEVTYP_T":0},"geometry":{"type":"LineString","coordinates":[[-74.6879321297115,39.1595186890858],[-74.6877575859859,39.1597311632413],[-74.687396478299,39.1601724947312]]}},{"type":"Feature","id":289556,"properties":{"OBJECTID":289556,"PRIMENAME":"53rd Street","ELEVTYP_F":0,"ELEVTYP_T":0},"geometry":{"type":"LineString","coordinates":[[-74.6969563013287,39.1472332526594],[-74.6977230521493,39.1476137815433]]}},{"type":"Feature","id":290979,"properties":{"OBJECTID":290979,"PRIMENAME":"Unnamed Segment","ELEVTYP_F":0,"ELEVTYP_T":0},"geometry":{"type":"LineString","coordinates":[[-74.6978015437264,39.150917401],[-74.6987085750179,39.1513749221608]]}},{"type":"Feature","id":294211,"properties":{"OBJECTID":294211,"PRIMENAME":"Sounds Avenue","ELEVTYP_F":0,"ELEVTYP_T":0},"geometry":{"type":"LineString","coordinates":[[-74.7043177594242,39.1450830801349],[-74.7043099458603,39.1451122540837],[-74.7043145985474,39.1451850087279],[-74.7044095536202,39.1457080484672],[-74.7044697660526,39.1459953708301]]}},{"type":"Feature","id":295079,"properties":{"OBJECTID":295079,"PRIMENAME":"59th Street","ELEVTYP_F":0,"ELEVTYP_T":0},"geometry":{"type":"LineString","coordinates":[[-74.6999798867903,39.1432020063221],[-74.7007799850024,39.1435516502612]]}},{"type":"Feature","id":296147,"properties":{"OBJECTID":296147,"PRIMENAME":"Cini Avenue","ELEVTYP_F":0,"ELEVTYP_T":0},"geometry":{"type":"LineString","coordinates":[[-74.6924599854277,39.1608463998283],[-74.6921846720935,39.1611693718479]]}},{"type":"Feature","id":297151,"properties":{"OBJECTID":297151,"PRIMENAME":"63rd Street","ELEVTYP_F":0,"ELEVTYP_T":0},"geometry":{"type":"LineString","coordinates":[[-74.7047695218558,39.1417587770802],[-74.7042877983398,39.1415612127546],[-74.7039842482108,39.1414265973068]]}},{"type":"Feature","id":297301,"properties":{"OBJECTID":297301,"PRIMENAME":"Roberts Avenue","ELEVTYP_F":0,"ELEVTYP_T":0},"geometry":{"type":"LineString","coordinates":[[-74.7135332549538,39.1309022625034],[-74.7135465956237,39.1309536122948],[-74.7135335549546,39.1310016043239],[-74.7133281253104,39.1314094537973],[-74.7132344497442,39.1316068001062]]}},{"type":"Feature","id":297627,"properties":{"OBJECTID":297627,"PRIMENAME":"63rd Street","ELEVTYP_F":0,"ELEVTYP_T":0},"geometry":{"type":"LineString","coordinates":[[-74.7039842482108,39.1414265973068],[-74.7033293157353,39.1411361407522],[-74.7027034662832,39.1408668267489]]}},{"type":"Feature","id":298483,"properties":{"OBJECTID":298483,"PRIMENAME":"Pleasure Avenue","ELEVTYP_F":0,"ELEVTYP_T":0},"geometry":{"type":"LineString","coordinates":[[-74.6985409345325,39.1452178312949],[-74.6987650893006,39.1449037724724],[-74.6990198073752,39.1445502861154]]}},{"type":"Feature","id":299610,"properties":{"OBJECTID":299610,"PRIMENAME":"Central Avenue","ELEVTYP_F":0,"ELEVTYP_T":0},"geometry":{"type":"LineString","coordinates":[[-74.7033151046936,39.1437831996706],[-74.7036667368367,39.1432865073082],[-74.7044158271859,39.1422446033366],[-74.7047695218558,39.1417587770802]]}},{"type":"Feature","id":299693,"properties":{"OBJECTID":299693,"PRIMENAME":"Landis Avenue","ELEVTYP_F":0,"ELEVTYP_T":0},"geometry":{"type":"LineString","coordinates":[[-74.7022257102599,39.1415343305434],[-74.7017712702006,39.1421710669202],[-74.7017420507354,39.1422117824242]]}},{"type":"Feature","id":299737,"properties":{"OBJECTID":299737,"PRIMENAME":"83rd Street","ELEVTYP_F":0,"ELEVTYP_T":0},"geometry":{"type":"LineString","coordinates":[[-74.7124818047764,39.1280885530002],[-74.7106705769632,39.1275403786298]]}},{"type":"Feature","id":300158,"properties":{"OBJECTID":300158,"PRIMENAME":"Sea Isle Boulevard","ELEVTYP_F":0,"ELEVTYP_T":0},"geometry":{"type":"LineString","coordinates":[[-74.7281914578361,39.17020528328],[-74.7278511131443,39.17005619578],[-74.7272903052193,39.1698175032606],[-74.726829250933,39.1696222450809],[-74.7263774497481,39.1694293281893],[-74.7256359886456,39.1691159647978],[-74.7249599027874,39.1688266327567],[-74.7242713976015,39.1685349046277],[-74.7237760295917,39.1683251473023],[-74.7231778913579,39.168074426333],[-74.7225049280223,39.1677850739973],[-74.7214519480566,39.16733905418],[-74.7207447988222,39.1670424814184],[-74.7199005476419,39.1666880617646],[-74.7193241796674,39.1664421119328],[-74.7187370149078,39.1661937355273],[-74.718447848424,39.1660770887602],[-74.7180527122994,39.1659099809502],[-74.7175801659435,39.1657113293544],[-74.7170872568288,39.1654968986454],[-74.7166147421281,39.1652950856172],[-74.7162725629878,39.1651532436119],[-74.7159277208926,39.165007459858],[-74.7156982050671,39.1649104294667],[-74.7151319628971,39.1646675974951],[-74.7144313307125,39.1643743784741],[-74.7136655350773,39.1640495615827],[-74.712964930754,39.1637500178703],[-74.7127326626837,39.16365241821]]}},{"type":"Feature","id":300570,"properties":{"OBJECTID":300570,"PRIMENAME":"Landis Avenue","ELEVTYP_F":0,"ELEVTYP_T":0},"geometry":{"type":"LineString","coordinates":[[-74.7031822424445,39.1402015982812],[-74.7028846454392,39.1406148611451],[-74.7027034662832,39.1408668267489]]}},{"type":"Feature","id":300715,"properties":{"OBJECTID":300715,"PRIMENAME":"Landis Avenue","ELEVTYP_F":0,"ELEVTYP_T":0},"geometry":{"type":"LineString","coordinates":[[-74.6977230521493,39.1476137815433],[-74.6971920728227,39.1482594701501]]}},{"type":"Feature","id":300721,"properties":{"OBJECTID":300721,"PRIMENAME":"39th Street","ELEVTYP_F":0,"ELEVTYP_T":0},"geometry":{"type":"LineString","coordinates":[[-74.692049323796,39.1579190209058],[-74.6915601337674,39.1576748488649],[-74.6900662668768,39.156926053521]]}},{"type":"Feature","id":302796,"properties":{"OBJECTID":302796,"PRIMENAME":"54th Street","ELEVTYP_F":0,"ELEVTYP_T":0},"geometry":{"type":"LineString","coordinates":[[-74.7002383973819,39.1479621261443],[-74.6996359379468,39.1476637064044],[-74.6982555045278,39.1469687734892]]}},{"type":"Feature","id":303040,"properties":{"OBJECTID":303040,"PRIMENAME":"78th Street","ELEVTYP_F":0,"ELEVTYP_T":0},"geometry":{"type":"LineString","coordinates":[[-74.7085099937251,39.1310101221556],[-74.7101576640364,39.1315058514639],[-74.7107060804994,39.1316707887527]]}},{"type":"Feature","id":303419,"properties":{"OBJECTID":303419,"PRIMENAME":"55th Street","ELEVTYP_F":0,"ELEVTYP_T":0},"geometry":{"type":"LineString","coordinates":[[-74.6975255509117,39.1456852944898],[-74.698023576358,39.1459337654917]]}},{"type":"Feature","id":303456,"properties":{"OBJECTID":303456,"PRIMENAME":"74th Street","ELEVTYP_F":0,"ELEVTYP_T":0},"geometry":{"type":"LineString","coordinates":[[-74.7092850707465,39.1345399675971],[-74.7097162321345,39.1346641252264]]}},{"type":"Feature","id":303478,"properties":{"OBJECTID":303478,"PRIMENAME":"50th Street","ELEVTYP_F":0,"ELEVTYP_T":0},"geometry":{"type":"LineString","coordinates":[[-74.6948983085699,39.1489420277691],[-74.6953603670722,39.149173272184]]}},{"type":"Feature","id":304151,"properties":{"OBJECTID":304151,"PRIMENAME":"51st Street","ELEVTYP_F":0,"ELEVTYP_T":0},"geometry":{"type":"LineString","coordinates":[[-74.6990434611058,39.1500939024196],[-74.6986450637081,39.1498976276147]]}},{"type":"Feature","id":304188,"properties":{"OBJECTID":304188,"PRIMENAME":"Landis Avenue","ELEVTYP_F":0,"ELEVTYP_T":0},"geometry":{"type":"LineString","coordinates":[[-74.6855037768322,39.16280365826],[-74.6853558170693,39.163018255613],[-74.6850353309994,39.1634811792298]]}},{"type":"Feature","id":305283,"properties":{"OBJECTID":305283,"PRIMENAME":"Old Sea Isle Boulevard","ELEVTYP_F":0,"ELEVTYP_T":0},"geometry":{"type":"LineString","coordinates":[[-74.7127326626837,39.16365241821],[-74.7125621943564,39.1635808080881],[-74.7124394769325,39.163529257041],[-74.7119384606132,39.1633180036891],[-74.7113519007044,39.1630656899601],[-74.7107408932225,39.1628102870604],[-74.7099017968991,39.1624475759482],[-74.7095352727155,39.1622930731957],[-74.7089853690538,39.1620628665491],[-74.7085413638409,39.1618736280884],[-74.7082603258192,39.1617506264946],[-74.7081525270913,39.1617094129098]]}},{"type":"Feature","id":305808,"properties":{"OBJECTID":305808,"PRIMENAME":"64th Street","ELEVTYP_F":0,"ELEVTYP_T":0},"geometry":{"type":"LineString","coordinates":[[-74.7017274307396,39.1396958274369],[-74.7018476178586,39.1396802158551],[-74.7019204464495,39.1396746801509],[-74.7020036871292,39.1396853271128],[-74.7020974337562,39.1397202830577],[-74.7031822424445,39.1402015982812]]}},{"type":"Feature","id":307260,"properties":{"OBJECTID":307260,"PRIMENAME":"63rd Street","ELEVTYP_F":0,"ELEVTYP_T":0},"geometry":{"type":"LineString","coordinates":[[-74.7027034662832,39.1408668267489],[-74.7020478982385,39.1405846833434],[-74.701596444785,39.1403882913205],[-74.7015374236584,39.140364093158],[-74.7014922506513,39.1403371252587],[-74.7014574322662,39.140293994543],[-74.7014225815393,39.1402265086899],[-74.7013887288147,39.1401385926918]]}},{"type":"Feature","id":307382,"properties":{"OBJECTID":307382,"PRIMENAME":"Pleasure Avenue","ELEVTYP_F":0,"ELEVTYP_T":0},"geometry":{"type":"LineString","coordinates":[[-74.6921553467526,39.1530599093438],[-74.6926915455601,39.152410171823]]}},{"type":"Feature","id":307819,"properties":{"OBJECTID":307819,"PRIMENAME":"55th Street","ELEVTYP_F":0,"ELEVTYP_T":0},"geometry":{"type":"LineString","coordinates":[[-74.7007742201112,39.1473064754233],[-74.7016564717461,39.147746829479],[-74.7027321856029,39.148285248374]]}},{"type":"Feature","id":308561,"properties":{"OBJECTID":308561,"PRIMENAME":"Pleasure Avenue","ELEVTYP_F":0,"ELEVTYP_T":0},"geometry":{"type":"LineString","coordinates":[[-74.6999798867903,39.1432020063221],[-74.7002126176155,39.142870164393],[-74.7004584357728,39.1425293766313]]}},{"type":"Feature","id":308888,"properties":{"OBJECTID":308888,"PRIMENAME":"80th Street","ELEVTYP_F":0,"ELEVTYP_T":0},"geometry":{"type":"LineString","coordinates":[[-74.7067387552295,39.1288290649947],[-74.7083677589551,39.1293167804875]]}},{"type":"Feature","id":309055,"properties":{"OBJECTID":309055,"PRIMENAME":"38th Street","ELEVTYP_F":0,"ELEVTYP_T":0},"geometry":{"type":"LineString","coordinates":[[-74.6895351759506,39.1575692625324],[-74.6888822068365,39.1572425330333],[-74.6887636999081,39.1571834119196]]}},{"type":"Feature","id":309836,"properties":{"OBJECTID":309836,"PRIMENAME":"53rd Street","ELEVTYP_F":0,"ELEVTYP_T":0},"geometry":{"type":"LineString","coordinates":[[-74.6997027279426,39.1486006130457],[-74.6998709234189,39.1486844831333],[-74.7001995761134,39.1488470452202]]}},{"type":"Feature","id":312487,"properties":{"OBJECTID":312487,"PRIMENAME":"Pleasure Avenue","ELEVTYP_F":0,"ELEVTYP_T":0},"geometry":{"type":"LineString","coordinates":[[-74.6932233473803,39.1517676602023],[-74.6934311789075,39.1515165987932],[-74.6937581476526,39.1511167110367]]}},{"type":"Feature","id":312734,"properties":{"OBJECTID":312734,"PRIMENAME":"Kneass Avenue","ELEVTYP_F":0,"ELEVTYP_T":0},"geometry":{"type":"LineString","coordinates":[[-74.6975461472828,39.1580221353933],[-74.6972869249278,39.1583359758173]]}},{"type":"Feature","id":313798,"properties":{"OBJECTID":313798,"PRIMENAME":"Sea Isle Boulevard","ELEVTYP_F":0,"ELEVTYP_T":0},"geometry":{"type":"LineString","coordinates":[[-74.707782016498,39.1609410131452],[-74.7073378626925,39.1606976505878],[-74.7068896039526,39.1604482805086],[-74.7063966331236,39.1601767749858],[-74.7060177152038,39.1599747529445],[-74.7056388793048,39.1597759148863],[-74.7052925847821,39.1596086764762],[-74.7047425884261,39.1593341069029],[-74.7040623174943,39.1589996030204],[-74.7034838232224,39.1587092613211],[-74.7026364943678,39.1582863520506],[-74.7020091653921,39.1579707445566],[-74.7012229562993,39.1575794051271],[-74.7003634342777,39.1571501853872]]}},{"type":"Feature","id":314012,"properties":{"OBJECTID":314012,"PRIMENAME":"45th Street","ELEVTYP_F":0,"ELEVTYP_T":0},"geometry":{"type":"LineString","coordinates":[[-74.6968418018786,39.154485681601],[-74.695445383707,39.1537874489314]]}},{"type":"Feature","id":314846,"properties":{"OBJECTID":314846,"PRIMENAME":"Landis Avenue","ELEVTYP_F":0,"ELEVTYP_T":0},"geometry":{"type":"LineString","coordinates":[[-74.6998163376687,39.1448940944055],[-74.6993339171924,39.1455644766236]]}},{"type":"Feature","id":315861,"properties":{"OBJECTID":315861,"PRIMENAME":"Pleasure Avenue","ELEVTYP_F":0,"ELEVTYP_T":0},"geometry":{"type":"LineString","coordinates":[[-74.7048037997375,39.1340450388257],[-74.7047922861311,39.1340138943709],[-74.7047670292227,39.1339844766531],[-74.7047459308973,39.1339551606271],[-74.7047332408026,39.133919159082],[-74.7047373225166,39.1338799417936],[-74.7047707037556,39.133804676226],[-74.7049460580816,39.1334741340717],[-74.7050506863281,39.133264034564]]}},{"type":"Feature","id":315894,"properties":{"OBJECTID":315894,"PRIMENAME":"45th Street","ELEVTYP_F":0,"ELEVTYP_T":0},"geometry":{"type":"LineString","coordinates":[[-74.6934648005472,39.1527969505175],[-74.6926915455601,39.152410171823]]}},{"type":"Feature","id":316107,"properties":{"OBJECTID":316107,"PRIMENAME":"40th Street","ELEVTYP_F":0,"ELEVTYP_T":0},"geometry":{"type":"LineString","coordinates":[[-74.6898323142582,39.1558929557138],[-74.6906026938999,39.1562773408762]]}},{"type":"Feature","id":316147,"properties":{"OBJECTID":316147,"PRIMENAME":"Landis Avenue","ELEVTYP_F":0,"ELEVTYP_T":0},"geometry":{"type":"LineString","coordinates":[[-74.7110404296298,39.127168507607],[-74.7109906236632,39.1272295534161],[-74.7108981358613,39.1273291181727],[-74.7107747160432,39.1274468061272],[-74.7106705769632,39.1275403786298]]}},{"type":"Feature","id":316360,"properties":{"OBJECTID":316360,"PRIMENAME":"59th Street","ELEVTYP_F":0,"ELEVTYP_T":0},"geometry":{"type":"LineString","coordinates":[[-74.7007799850024,39.1435516502612],[-74.7011287564403,39.1437040434601],[-74.7028399011254,39.1444480103931]]}},{"type":"Feature","id":317527,"properties":{"OBJECTID":317527,"PRIMENAME":"Pleasure Avenue","ELEVTYP_F":0,"ELEVTYP_T":0},"geometry":{"type":"LineString","coordinates":[[-74.6877075252722,39.1585037405207],[-74.688250691887,39.1578553135607]]}},{"type":"Feature","id":317965,"properties":{"OBJECTID":317965,"PRIMENAME":"56th Street","ELEVTYP_F":0,"ELEVTYP_T":0},"geometry":{"type":"LineString","coordinates":[[-74.6985409345325,39.1452178312949],[-74.6980309606071,39.1449948910134]]}},{"type":"Feature","id":318140,"properties":{"OBJECTID":318140,"PRIMENAME":"Landis Avenue","ELEVTYP_F":0,"ELEVTYP_T":0},"geometry":{"type":"LineString","coordinates":[[-74.6950636826844,39.1508542343701],[-74.6945316388842,39.1515028238386]]}},{"type":"Feature","id":318208,"properties":{"OBJECTID":318208,"PRIMENAME":"Landis Avenue","ELEVTYP_F":0,"ELEVTYP_T":0},"geometry":{"type":"LineString","coordinates":[[-74.693997752606,39.1521513850544],[-74.6934648005472,39.1527969505175]]}},{"type":"Feature","id":319391,"properties":{"OBJECTID":319391,"PRIMENAME":"48th Street","ELEVTYP_F":0,"ELEVTYP_T":0},"geometry":{"type":"LineString","coordinates":[[-74.6970430367175,39.1518453404396],[-74.6980983625626,39.1523724414324],[-74.6983081563791,39.1524740346072],[-74.6983475167353,39.152501150499],[-74.6983650399918,39.1525248992692],[-74.6983782353799,39.1525520876068]]}},{"type":"Feature","id":320076,"properties":{"OBJECTID":320076,"PRIMENAME":"28th Street","ELEVTYP_F":0,"ELEVTYP_T":0},"geometry":{"type":"LineString","coordinates":[[-74.684569974489,39.1641566880842],[-74.6840078143848,39.1639210022912]]}},{"type":"Feature","id":320300,"properties":{"OBJECTID":320300,"PRIMENAME":"Pleasure Avenue","ELEVTYP_F":0,"ELEVTYP_T":0},"geometry":{"type":"LineString","coordinates":[[-74.6937581476526,39.1511167110367],[-74.6942908218316,39.150465269236]]}},{"type":"Feature","id":320677,"properties":{"OBJECTID":320677,"PRIMENAME":"73rd Street","ELEVTYP_F":0,"ELEVTYP_T":0},"geometry":{"type":"LineString","coordinates":[[-74.7067361911417,39.1345960273476],[-74.7056435449314,39.1342715971736],[-74.7049701736749,39.1340702546686],[-74.7049042700957,39.1340541427428],[-74.7048452630643,39.1340461460708],[-74.7048037997375,39.1340450388257]]}},{"type":"Feature","id":321696,"properties":{"OBJECTID":321696,"PRIMENAME":"39th Street","ELEVTYP_F":0,"ELEVTYP_T":0},"geometry":{"type":"LineString","coordinates":[[-74.6900662668768,39.156926053521],[-74.6892982799868,39.1565410565087]]}},{"type":"Feature","id":322028,"properties":{"OBJECTID":322028,"PRIMENAME":"Park Road","ELEVTYP_F":0,"ELEVTYP_T":0},"geometry":{"type":"LineString","coordinates":[[-74.6983782353799,39.1525520876068],[-74.6984646943132,39.1525075100406],[-74.6986355768117,39.1523019218049]]}},{"type":"Feature","id":322862,"properties":{"OBJECTID":322862,"PRIMENAME":"Pleasure Avenue","ELEVTYP_F":0,"ELEVTYP_T":0},"geometry":{"type":"LineString","coordinates":[[-74.7031078212977,39.1374439822133],[-74.7031479609481,39.1374008033168],[-74.703210704357,39.1373222197023],[-74.7033403668321,39.1371454400357],[-74.7034706660192,39.1369332938081]]}},{"type":"Feature","id":323217,"properties":{"OBJECTID":323217,"PRIMENAME":"West Jersey Avenue","ELEVTYP_F":0,"ELEVTYP_T":0},"geometry":{"type":"LineString","coordinates":[[-74.6935370346401,39.156109461842],[-74.6915514841938,39.1551220141584]]}},{"type":"Feature","id":323806,"properties":{"OBJECTID":323806,"PRIMENAME":"90th Street","ELEVTYP_F":0,"ELEVTYP_T":0},"geometry":{"type":"LineString","coordinates":[[-74.7144129786102,39.1238183486096],[-74.7135679394842,39.1235229443854]]}},{"type":"Feature","id":324514,"properties":{"OBJECTID":324514,"PRIMENAME":"42nd Street","ELEVTYP_F":0,"ELEVTYP_T":0},"geometry":{"type":"LineString","coordinates":[[-74.6910936971715,39.1543546648891],[-74.6918666762032,39.1547391474467]]}},{"type":"Feature","id":324675,"properties":{"OBJECTID":324675,"PRIMENAME":"70th Street","ELEVTYP_F":0,"ELEVTYP_T":0},"geometry":{"type":"LineString","coordinates":[[-74.7083826034248,39.1375592471714],[-74.7078705358583,39.1374074956467]]}},{"type":"Feature","id":324908,"properties":{"OBJECTID":324908,"PRIMENAME":"Emmeus Road","ELEVTYP_F":0,"ELEVTYP_T":0},"geometry":{"type":"LineString","coordinates":[[-74.7039842482108,39.1414265973068],[-74.7045921951048,39.1405575582772],[-74.7046557705266,39.140466678667]]}},{"type":"Feature","id":325281,"properties":{"OBJECTID":325281,"PRIMENAME":"Central Avenue","ELEVTYP_F":0,"ELEVTYP_T":0},"geometry":{"type":"LineString","coordinates":[[-74.6943772352396,39.1550861439194],[-74.6949149733961,39.1544334273645]]}},{"type":"Feature","id":326727,"properties":{"OBJECTID":326727,"PRIMENAME":"Landis Avenue","ELEVTYP_F":0,"ELEVTYP_T":0},"geometry":{"type":"LineString","coordinates":[[-74.7121984391144,39.1252323322608],[-74.712087405828,39.1254232837224],[-74.7118641692148,39.1258032110836],[-74.7118177732294,39.1258839390237]]}},{"type":"Feature","id":327660,"properties":{"OBJECTID":327660,"PRIMENAME":"31st Street","ELEVTYP_F":0,"ELEVTYP_T":0},"geometry":{"type":"LineString","coordinates":[[-74.6859711529658,39.1621253965527],[-74.6861630562428,39.1622054855733],[-74.6865321080662,39.1623616793459],[-74.6869582764703,39.1625621781968],[-74.6878464317224,39.1630212968751]]}},{"type":"Feature","id":328080,"properties":{"OBJECTID":328080,"PRIMENAME":"Central Avenue","ELEVTYP_F":0,"ELEVTYP_T":0},"geometry":{"type":"LineString","coordinates":[[-74.6991728363785,39.1492532559818],[-74.6997027279426,39.1486006130457]]}},{"type":"Feature","id":328174,"properties":{"OBJECTID":328174,"PRIMENAME":"Central Avenue","ELEVTYP_F":0,"ELEVTYP_T":0},"geometry":{"type":"LineString","coordinates":[[-74.6915145073242,39.1585630971523],[-74.692049323796,39.1579190209058]]}},{"type":"Feature","id":328207,"properties":{"OBJECTID":328207,"PRIMENAME":"84th Street","ELEVTYP_F":0,"ELEVTYP_T":0},"geometry":{"type":"LineString","coordinates":[[-74.7097881248695,39.1264550254243],[-74.7082647905279,39.1259910293476]]}},{"type":"Feature","id":329490,"properties":{"OBJECTID":329490,"PRIMENAME":"60th Street","ELEVTYP_F":0,"ELEVTYP_T":0},"geometry":{"type":"LineString","coordinates":[[-74.7033151046936,39.1437831996706],[-74.7028386609393,39.1435737038834]]}},{"type":"Feature","id":330455,"properties":{"OBJECTID":330455,"PRIMENAME":"Pleasure Avenue","ELEVTYP_F":0,"ELEVTYP_T":0},"geometry":{"type":"LineString","coordinates":[[-74.6898323142582,39.1558929557138],[-74.6901691586696,39.1554781523961],[-74.6903930885829,39.1552119694882]]}},{"type":"Feature","id":330613,"properties":{"OBJECTID":330613,"PRIMENAME":"32nd Street","ELEVTYP_F":0,"ELEVTYP_T":0},"geometry":{"type":"LineString","coordinates":[[-74.6883861254213,39.1623693773982],[-74.687758783144,39.1620520187543],[-74.6871537757396,39.1617630396288],[-74.6868113031326,39.1616008749775],[-74.6864402095352,39.1614453726728]]}},{"type":"Feature","id":332122,"properties":{"OBJECTID":332122,"PRIMENAME":"Pleasure Avenue","ELEVTYP_F":0,"ELEVTYP_T":0},"geometry":{"type":"LineString","coordinates":[[-74.7106515584946,39.1239130721907],[-74.7105464731437,39.1240658724038],[-74.7104119745362,39.1243091992829],[-74.7102707139164,39.1245544596975]]}},{"type":"Feature","id":332373,"properties":{"OBJECTID":332373,"PRIMENAME":"42nd Place","ELEVTYP_F":0,"ELEVTYP_T":0},"geometry":{"type":"LineString","coordinates":[[-74.6949884101428,39.1567381568482],[-74.6962047971822,39.1573441103805],[-74.6968211421138,39.1576523267924],[-74.6975461472828,39.1580221353933]]}},{"type":"Feature","id":333378,"properties":{"OBJECTID":333378,"PRIMENAME":"60th Street","ELEVTYP_F":0,"ELEVTYP_T":0},"geometry":{"type":"LineString","coordinates":[[-74.7012615662094,39.142880933591],[-74.7004584357728,39.1425293766313]]}},{"type":"Feature","id":333577,"properties":{"OBJECTID":333577,"PRIMENAME":"Central Avenue","ELEVTYP_F":0,"ELEVTYP_T":0},"geometry":{"type":"LineString","coordinates":[[-74.7007742201112,39.1473064754233],[-74.701392583849,39.1464661088263]]}},{"type":"Feature","id":334838,"properties":{"OBJECTID":334838,"PRIMENAME":"Central Avenue","ELEVTYP_F":0,"ELEVTYP_T":0},"geometry":{"type":"LineString","coordinates":[[-74.7110626109067,39.1309507495752],[-74.7114160521608,39.1302374432324]]}},{"type":"Feature","id":335550,"properties":{"OBJECTID":335550,"PRIMENAME":"93rd Street","ELEVTYP_F":0,"ELEVTYP_T":0},"geometry":{"type":"LineString","coordinates":[[-74.7130207887714,39.1214539553142],[-74.7148853728512,39.1221128427435]]}},{"type":"Feature","id":335607,"properties":{"OBJECTID":335607,"PRIMENAME":"Pleasure Avenue","ELEVTYP_F":0,"ELEVTYP_T":0},"geometry":{"type":"LineString","coordinates":[[-74.7130207887714,39.1214539553142],[-74.7129384197055,39.1215387852748],[-74.7126583817238,39.121814836258],[-74.712559749934,39.121919492591]]}},{"type":"Feature","id":336975,"properties":{"OBJECTID":336975,"PRIMENAME":"43rd Street","ELEVTYP_F":0,"ELEVTYP_T":0},"geometry":{"type":"LineString","coordinates":[[-74.6916230820956,39.1537078532996],[-74.6913580176613,39.153575229237],[-74.6911439856762,39.1534681380899]]}},{"type":"Feature","id":337068,"properties":{"OBJECTID":337068,"PRIMENAME":"Central Avenue","ELEVTYP_F":0,"ELEVTYP_T":0},"geometry":{"type":"LineString","coordinates":[[-74.7078705358583,39.1374074956467],[-74.7078990686606,39.1373511015303],[-74.708145835282,39.1368360761384],[-74.7082191985117,39.1366900067185]]}},{"type":"Feature","id":338287,"properties":{"OBJECTID":338287,"PRIMENAME":"Boardwalk","ELEVTYP_F":0,"ELEVTYP_T":0},"geometry":{"type":"LineString","coordinates":[[-74.6983894234305,39.144278221904],[-74.6985370356665,39.1440622008564]]}},{"type":"Feature","id":338357,"properties":{"OBJECTID":338357,"PRIMENAME":"60th Street","ELEVTYP_F":0,"ELEVTYP_T":0},"geometry":{"type":"LineString","coordinates":[[-74.7004584357728,39.1425293766313],[-74.6998323609408,39.1422553245482]]}},{"type":"Feature","id":338570,"properties":{"OBJECTID":338570,"PRIMENAME":"61st Street","ELEVTYP_F":0,"ELEVTYP_T":0},"geometry":{"type":"LineString","coordinates":[[-74.7017420507354,39.1422117824242],[-74.7012004047582,39.1419816066706],[-74.7009377745953,39.1418647331157]]}},{"type":"Feature","id":338812,"properties":{"OBJECTID":338812,"PRIMENAME":"51st Street","ELEVTYP_F":0,"ELEVTYP_T":0},"geometry":{"type":"LineString","coordinates":[[-74.6986450637081,39.1498976276147],[-74.697579302708,39.1493725263565],[-74.6966581689512,39.1489095275875]]}},{"type":"Feature","id":340392,"properties":{"OBJECTID":340392,"PRIMENAME":"77th Street","ELEVTYP_F":0,"ELEVTYP_T":0},"geometry":{"type":"LineString","coordinates":[[-74.7125172831442,39.1330106992617],[-74.7125126770178,39.1330121436043],[-74.7124893894078,39.1330173758193],[-74.7124605529874,39.1330182796807],[-74.7124140736573,39.133013696218],[-74.7123537032883,39.132996186615],[-74.7123084266857,39.1329830537143],[-74.7109265837099,39.1325643603316],[-74.7103503144636,39.1323896993232]]}},{"type":"Feature","id":341535,"properties":{"OBJECTID":341535,"PRIMENAME":"Landis Avenue","ELEVTYP_F":0,"ELEVTYP_T":0},"geometry":{"type":"LineString","coordinates":[[-74.7088671442391,39.1302903362167],[-74.7087842240649,39.1304565220486],[-74.7085099937251,39.1310101221556]]}},{"type":"Feature","id":342229,"properties":{"OBJECTID":342229,"PRIMENAME":"75th Street","ELEVTYP_F":0,"ELEVTYP_T":0},"geometry":{"type":"LineString","coordinates":[[-74.7096428674092,39.1338210298458],[-74.7093968093892,39.1337495217573],[-74.7092382429194,39.1337034409857],[-74.7083878482142,39.1334537533541],[-74.7074420859005,39.133165650632]]}},{"type":"Feature","id":342526,"properties":{"OBJECTID":342526,"PRIMENAME":"88th Street","ELEVTYP_F":0,"ELEVTYP_T":0},"geometry":{"type":"LineString","coordinates":[[-74.7137911220451,39.125019425272],[-74.7125830429531,39.124591123568]]}},{"type":"Feature","id":343221,"properties":{"OBJECTID":343221,"PRIMENAME":"Landis Avenue","ELEVTYP_F":0,"ELEVTYP_T":0},"geometry":{"type":"LineString","coordinates":[[-74.714016605643,39.1230564089078],[-74.7138248880656,39.1232573951649],[-74.7135679394842,39.1235229443854]]}},{"type":"Feature","id":343296,"properties":{"OBJECTID":343296,"PRIMENAME":"52nd Street","ELEVTYP_F":0,"ELEVTYP_T":0},"geometry":{"type":"LineString","coordinates":[[-74.6959334233818,39.1476319325634],[-74.6964204041981,39.1478746905314]]}},{"type":"Feature","id":344213,"properties":{"OBJECTID":344213,"PRIMENAME":"85th Street","ELEVTYP_F":0,"ELEVTYP_T":0},"geometry":{"type":"LineString","coordinates":[[-74.7095149121354,39.1258568820428],[-74.7099994283121,39.1260290210348]]}},{"type":"Feature","id":346276,"properties":{"OBJECTID":346276,"PRIMENAME":"Landis Avenue","ELEVTYP_F":0,"ELEVTYP_T":0},"geometry":{"type":"LineString","coordinates":[[-74.6868761781305,39.1608198754708],[-74.6868012204692,39.1609224949798],[-74.6866393844249,39.1611546889448],[-74.6864402095352,39.1614453726728]]}},{"type":"Feature","id":349739,"properties":{"OBJECTID":349739,"PRIMENAME":"42nd Place","ELEVTYP_F":0,"ELEVTYP_T":0},"geometry":{"type":"LineString","coordinates":[[-74.6975461472828,39.1580221353933],[-74.6980363650717,39.158272210756],[-74.6987782340136,39.1586331214226],[-74.6987881754104,39.15863795729],[-74.6988200624217,39.1586647019797],[-74.6988319837108,39.1587024637652],[-74.6988234058293,39.1587500076103],[-74.698806092525,39.1588010535074],[-74.6987756874648,39.1588622255511],[-74.6987408957803,39.1589065197257],[-74.6986998775203,39.158943327717],[-74.6986624816963,39.1589643693264],[-74.6986158117062,39.1589734545688],[-74.6985708389754,39.1589713619828],[-74.6984834458055,39.1589341413187],[-74.6981782253169,39.1587799370012]]}},{"type":"Feature","id":350151,"properties":{"OBJECTID":350151,"PRIMENAME":"John F Kennedy Boulevard","ELEVTYP_F":0,"ELEVTYP_T":0},"geometry":{"type":"LineString","coordinates":[[-74.6903930885829,39.1552119694882],[-74.6911733355478,39.1555826330245]]}},{"type":"Feature","id":350711,"properties":{"OBJECTID":350711,"PRIMENAME":"John F Kennedy Boulevard","ELEVTYP_F":0,"ELEVTYP_T":0},"geometry":{"type":"LineString","coordinates":[[-74.690533906728,39.1550419408328],[-74.6904956935356,39.1550217397935],[-74.6903449093227,39.1549485091014],[-74.6903332895941,39.1549450526996],[-74.6903213047362,39.1549424599985],[-74.6903090603961,39.1549407538529],[-74.6902966645083,39.1549399493025],[-74.6902842263428,39.1549400534396],[-74.6902718555427,39.154941065346],[-74.6902596611571,39.154942976102],[-74.69024775068,39.1549457688639],[-74.6902362291028,39.1549494190136],[-74.6902251979887,39.1549538943748],[-74.6902147545777,39.154959155497],[-74.6902049909289,39.1549651560031],[-74.6901959931098,39.1549718429984],[-74.6901878404366,39.1549791575368],[-74.6901806047759,39.1549870351401],[-74.6901743499108,39.1549954063668],[-74.6901691309788,39.155004197424],[-74.6901649939852,39.1550133308182],[-74.6901619753986,39.1550227260376],[-74.6901601018283,39.155032300263],[-74.6901593897906,39.1550419690967],[-74.6901598455624,39.1550516473073],[-74.6901614651267,39.1550612495805],[-74.6901642342073,39.1550706912715],[-74.6901681283951,39.155079889151],[-74.6901731133627,39.1550887621389],[-74.6901791451677,39.1550972320188],[-74.6901861706395,39.1551052241281],[-74.6901941278481,39.1551126680154],[-74.6902029466502,39.1551194980622],[-74.6902125493074,39.1551256540608],[-74.6902228511715,39.1551310817455],[-74.6903930885829,39.1552119694882]]}},{"type":"Feature","id":351542,"properties":{"OBJECTID":351542,"PRIMENAME":"Landis Avenue","ELEVTYP_F":0,"ELEVTYP_T":0},"geometry":{"type":"LineString","coordinates":[[-74.715098705955,39.1215684549092],[-74.7150346003615,39.1217701688633],[-74.7149886420625,39.1219117989581],[-74.7149875282375,39.1219140387121],[-74.7149629606796,39.1219633845813]]}},{"type":"Feature","id":352105,"properties":{"OBJECTID":352105,"PRIMENAME":"31st Street","ELEVTYP_F":0,"ELEVTYP_T":0},"geometry":{"type":"LineString","coordinates":[[-74.6852091202612,39.1617374510501],[-74.6852041487042,39.1617513814257],[-74.6852026105822,39.1617702474495],[-74.6852080587076,39.1617897888104],[-74.6852248616349,39.1618088175634],[-74.6852461292846,39.1618222927483],[-74.6853222198177,39.1618547371205],[-74.6855328228331,39.1619425752938]]}},{"type":"Feature","id":352255,"properties":{"OBJECTID":352255,"PRIMENAME":"John F Kennedy Boulevard","ELEVTYP_F":0,"ELEVTYP_T":0},"geometry":{"type":"LineString","coordinates":[[-74.6952835233632,39.1574521109191],[-74.6946786941831,39.1571217641082]]}},{"type":"Feature","id":352509,"properties":{"OBJECTID":352509,"PRIMENAME":"Unamed Road","ELEVTYP_F":0,"ELEVTYP_T":0},"geometry":{"type":"LineString","coordinates":[[-74.7081525270913,39.1617094129098],[-74.7081865766769,39.1615829093863],[-74.7082147755636,39.1614814857605],[-74.7082307169336,39.1613737952692],[-74.7082345751471,39.1612946280204],[-74.7082481469048,39.1611964429099]]}},{"type":"Feature","id":353106,"properties":{"OBJECTID":353106,"PRIMENAME":"Cini Street","ELEVTYP_F":0,"ELEVTYP_T":0},"geometry":{"type":"LineString","coordinates":[[-74.6951945277248,39.1575484445057],[-74.6952297927516,39.1575090655686],[-74.6952835233632,39.1574521109191]]}},{"type":"Feature","id":355626,"properties":{"OBJECTID":355626,"PRIMENAME":"61st Street","ELEVTYP_F":0,"ELEVTYP_T":0},"geometry":{"type":"LineString","coordinates":[[-74.7032579242752,39.1429062556811],[-74.7032434590254,39.14287719271],[-74.7031971837766,39.1428478662997],[-74.703073745083,39.1427920607558],[-74.7029954095816,39.1427566463748],[-74.7021966443479,39.1424049559597],[-74.7017420507354,39.1422117824242]]}},{"type":"Feature","id":356814,"properties":{"OBJECTID":356814,"PRIMENAME":"John F Kennedy Boulevard","ELEVTYP_F":0,"ELEVTYP_T":0},"geometry":{"type":"LineString","coordinates":[[-74.691289683952,39.1554409254893],[-74.690533906728,39.1550419408328]]}},{"type":"Feature","id":366223,"properties":{"OBJECTID":366223,"PRIMENAME":"Cini Street","ELEVTYP_F":0,"ELEVTYP_T":0},"geometry":{"type":"LineString","coordinates":[[-74.6951315932989,39.1576186766912],[-74.6951426335679,39.1576063572346],[-74.6951945277248,39.1575484445057]]}},{"type":"Feature","id":367610,"properties":{"OBJECTID":367610,"PRIMENAME":"John F Kennedy Boulevard","ELEVTYP_F":0,"ELEVTYP_T":0},"geometry":{"type":"LineString","coordinates":[[-74.6931597044225,39.1565699487817],[-74.6942152728327,39.1570926357215],[-74.694573270066,39.1572592282007]]}},{"type":"Feature","id":367685,"properties":{"OBJECTID":367685,"PRIMENAME":"Pleasure Avenue","ELEVTYP_F":0,"ELEVTYP_T":0},"geometry":{"type":"LineString","coordinates":[[-74.6903930885829,39.1552119694882],[-74.6904652239012,39.1551262654703],[-74.690533906728,39.1550419408328]]}},{"type":"Feature","id":371768,"properties":{"OBJECTID":371768,"PRIMENAME":"Landis Avenue","ELEVTYP_F":0,"ELEVTYP_T":0},"geometry":{"type":"LineString","coordinates":[[-74.7149629606796,39.1219633845813],[-74.7149271550675,39.1220354173347],[-74.7148853728512,39.1221128427435]]}},{"type":"Feature","id":372961,"properties":{"OBJECTID":372961,"PRIMENAME":"John F Kennedy Boulevard","ELEVTYP_F":0,"ELEVTYP_T":1},"geometry":{"type":"LineString","coordinates":[[-74.699112339494,39.1594387630508],[-74.6989778682394,39.1593717144056],[-74.6984022196982,39.1590834289708],[-74.6982446764379,39.1590044943339],[-74.6981461296563,39.1589551157378]]}},{"type":"Feature","id":373013,"properties":{"OBJECTID":373013,"PRIMENAME":"John F Kennedy Boulevard","ELEVTYP_F":0,"ELEVTYP_T":0},"geometry":{"type":"LineString","coordinates":[[-74.6932769295177,39.1564268640543],[-74.6921277113565,39.1558528399388],[-74.691289683952,39.1554409254893]]}},{"type":"Feature","id":375159,"properties":{"OBJECTID":375159,"PRIMENAME":"John F Kennedy Boulevard","ELEVTYP_F":1,"ELEVTYP_T":0},"geometry":{"type":"LineString","coordinates":[[-74.6971753970124,39.1584709545358],[-74.6963845144009,39.1580782175074]]}},{"type":"Feature","id":380226,"properties":{"OBJECTID":380226,"PRIMENAME":"Cini Street","ELEVTYP_F":0,"ELEVTYP_T":0},"geometry":{"type":"LineString","coordinates":[[-74.6949723170161,39.1577964105542],[-74.6951315932989,39.1576186766912]]}},{"type":"Feature","id":380612,"properties":{"OBJECTID":380612,"PRIMENAME":"John F Kennedy Boulevard","ELEVTYP_F":0,"ELEVTYP_T":0},"geometry":{"type":"LineString","coordinates":[[-74.6951945277248,39.1575484445057],[-74.6961255927043,39.1579817555768],[-74.6963845144009,39.1580782175074]]}},{"type":"Feature","id":380998,"properties":{"OBJECTID":380998,"PRIMENAME":"John F Kennedy Boulevard","ELEVTYP_F":0,"ELEVTYP_T":0},"geometry":{"type":"LineString","coordinates":[[-74.694573270066,39.1572592282007],[-74.6951945277248,39.1575484445057]]}},{"type":"Feature","id":381707,"properties":{"OBJECTID":381707,"PRIMENAME":"42nd Place","ELEVTYP_F":0,"ELEVTYP_T":0},"geometry":{"type":"LineString","coordinates":[[-74.6981782253169,39.1587799370012],[-74.6980441511933,39.1587122136664],[-74.6977927646342,39.158585230302],[-74.6972869249278,39.1583359758173]]}},{"type":"Feature","id":382381,"properties":{"OBJECTID":382381,"PRIMENAME":"John F Kennedy Boulevard","ELEVTYP_F":0,"ELEVTYP_T":0},"geometry":{"type":"LineString","coordinates":[[-74.6963845144009,39.1580782175074],[-74.6961629456466,39.1579322690255],[-74.6952835233632,39.1574521109191]]}},{"type":"Feature","id":383678,"properties":{"OBJECTID":383678,"PRIMENAME":"Landis Avenue","ELEVTYP_F":0,"ELEVTYP_T":0},"geometry":{"type":"LineString","coordinates":[[-74.7156294853102,39.1198635448172],[-74.7156167008238,39.119904542528],[-74.7154634898832,39.1203837729922],[-74.7151188864469,39.1215049350949],[-74.715098705955,39.1215684549092]]}},{"type":"Feature","id":384282,"properties":{"OBJECTID":384282,"PRIMENAME":"Cini Avenue","ELEVTYP_F":0,"ELEVTYP_T":0},"geometry":{"type":"LineString","coordinates":[[-74.6924599854277,39.1608463998283],[-74.6925392152343,39.1607485476803],[-74.6925593204674,39.1607240323444],[-74.6929814970504,39.1602092068201]]}},{"type":"Feature","id":387564,"properties":{"OBJECTID":387564,"PRIMENAME":"John F Kennedy Boulevard","ELEVTYP_F":1,"ELEVTYP_T":1},"geometry":{"type":"LineString","coordinates":[[-74.6981461296563,39.1589551157378],[-74.6976993243559,39.1587311888807],[-74.6971753970124,39.1584709545358]]}},{"type":"Feature","id":395430,"properties":{"OBJECTID":395430,"PRIMENAME":"John F Kennedy Boulevard","ELEVTYP_F":0,"ELEVTYP_T":0},"geometry":{"type":"LineString","coordinates":[[-74.6946786941831,39.1571217641082],[-74.6946780223341,39.1571214904742],[-74.6932769295177,39.1564268640543]]}},{"type":"Feature","id":397926,"properties":{"OBJECTID":397926,"PRIMENAME":"80th Street","ELEVTYP_F":0,"ELEVTYP_T":0},"geometry":{"type":"LineString","coordinates":[[-74.7114160521608,39.1302374432324],[-74.7117773449847,39.1303473317698],[-74.7127847458639,39.1306516138695],[-74.713445140996,39.1308510784807],[-74.7134979682181,39.1308680878615],[-74.7135332549538,39.1309022625034]]}},{"type":"Feature","id":400412,"properties":{"OBJECTID":400412,"PRIMENAME":"Ocean Drive","ELEVTYP_F":0,"ELEVTYP_T":0},"geometry":{"type":"LineString","coordinates":[[-74.7160544379683,39.1185084237837],[-74.7159561269055,39.1188195409962],[-74.7158732684275,39.1190817604143],[-74.7157759498181,39.1193938494221],[-74.7157142429993,39.1195917388949],[-74.7156294853102,39.1198635448172]]}},{"type":"Feature","id":400988,"properties":{"OBJECTID":400988,"PRIMENAME":"52nd Street","ELEVTYP_F":0,"ELEVTYP_T":0},"geometry":{"type":"LineString","coordinates":[[-74.6991728363785,39.1492532559818],[-74.6994779796718,39.1494066617697],[-74.6995022008363,39.1494298773309],[-74.6995169755588,39.1494547008449],[-74.6995219584855,39.1494833859106],[-74.6995097678703,39.149512072449],[-74.6994755450326,39.1495560911792],[-74.6993189240533,39.1497379362965]]}},{"type":"Feature","id":400990,"properties":{"OBJECTID":400990,"PRIMENAME":"Old Sea Isle Boulevard","ELEVTYP_F":0,"ELEVTYP_T":0},"geometry":{"type":"LineString","coordinates":[[-74.707451107085,39.1614645606288],[-74.7071893602913,39.1613883369171],[-74.7068677743087,39.1613160627327],[-74.706611341925,39.1612595161302],[-74.7062816653181,39.1612062551734],[-74.7060578343284,39.1611781503964],[-74.7057811265779,39.161146953201],[-74.7054922438858,39.1611253320202],[-74.7051301881012,39.1611196000297],[-74.7046583228283,39.1611204296411],[-74.7043694791124,39.1611241218979],[-74.7040154983338,39.1611057407131],[-74.7037795032436,39.1610903105473],[-74.7034539838479,39.161059221092],[-74.7031202821426,39.1610154593675],[-74.702839455809,39.1609621035146],[-74.7025780243542,39.1609087240822],[-74.7025626429808,39.1609055834667],[-74.7022003438321,39.1608143666425],[-74.7019397620577,39.1607356581004],[-74.7016791626718,39.1606505782675],[-74.7014674385217,39.1605749424481],[-74.7012719205825,39.1604929345427],[-74.7010031305389,39.1603793945027],[-74.7007627936378,39.1602626194585],[-74.7005224048874,39.1601395282185],[-74.7002046883048,39.1599848841142],[-74.6996506442143,39.1597071670486],[-74.6995411217877,39.1596525592493],[-74.699112339494,39.1594387630508]]}},{"type":"Feature","id":401336,"properties":{"OBJECTID":401336,"PRIMENAME":"John F Kennedy Boulevard","ELEVTYP_F":0,"ELEVTYP_T":0},"geometry":{"type":"LineString","coordinates":[[-74.6911733355478,39.1555826330245],[-74.6921773243544,39.1560834849696],[-74.6931597044225,39.1565699487817]]}}]}
